# strikers-consumer-capture-v1 diagnostics=1 warmup=60 samples=120; nested phases and overlapping threads must not be summed
frame,frame_us,gx_total_us,xf_pos_inspected,xf_pos_unchanged,xf_pos_changed,producer_wait_us,consumer_wait_us,draws,vertices,gpu_vertices,texture_uploads,texture_upload_bytes,geometry_hits,geometry_misses,geometry_bytes,prepared_hits,prepared_misses,prepared_rejected,pool_busy_fallbacks,core3_total_pct_x100,finish_calls,finish_wait_us,display_queue_us,native_texture_hits,native_geometry_hits,native_rejected,scene0_wait_us,scene1_wait_us,scene2_wait_us,scene3_wait_us,core3_telemetry_valid,core3_chunks,core3_denied,core3_telemetry_failures,core3_overruns,native_misses,vertex_delta_copies,vertex_delta_saved_calls,vertex_delta_fallbacks,vertex_delta_copied_bytes,vertex_delta_saved_bytes,native_gpu_geometry_hits,native_gpu_geometry_attempts,xf_tex_inspected,xf_tex_unchanged,xf_tex_changed,xf_normal_inspected,xf_normal_unchanged,xf_normal_changed,xf_post_inspected,xf_post_unchanged,xf_post_changed,tev_decoded_inspected,tev_decoded_skipped,tev_decoded_changed,native_replay_attempts,native_replay_hits,native_replay_fallbacks,native_model_attempts,native_model_draws,native_model_fallbacks,native_model_compiled,native_census_callbacks,native_census_draw_callbacks,native_census_filter_passed,native_census_transport_ready,native_census_eligible,native_census_classifier_mismatches,native_census_reject_null_packet,native_census_reject_no_draw,native_census_reject_view_transition,native_census_reject_not_compiled,native_census_reject_user_data,native_census_reject_missing_streams,native_census_reject_not_display_list,native_census_reject_program,native_census_reject_texconfig,native_census_reject_vertex_count,native_census_reject_primitive,native_census_reject_stream_count,native_census_reject_view,native_census_reject_dirty_state,native_census_reject_dirty_texture,native_census_reject_modifiers,native_census_reject_texture_handles,native_census_reject_matrix,native_census_reject_stream_semantic,native_census_reject_stream_storage,native_census_reject_missing_position,native_census_reject_display_list_size,native_census_reject_worker_inactive,native_census_reject_worker_context,native_census_reject_inside_display_list,native_census_reject_recording_busy,native_census_reject_recipe_limit,native_census_view_0,native_census_view_1,native_census_view_2,native_census_view_3,native_census_view_4,native_census_view_5,native_census_view_6,native_census_view_7,native_census_view_8,native_census_view_9,native_census_view_10,native_census_view_11,native_census_view_12,native_census_view_13,native_census_view_14,native_census_view_15,native_census_view_16,native_census_view_17,native_census_view_18,native_census_view_19,native_census_view_20,native_census_view_21,native_census_view_22,native_census_view_23,native_census_view_24,native_census_view_25,native_census_view_26,native_census_view_27,native_census_view_28,native_census_view_29,native_census_view_30,native_census_view_31,native_census_view_32,native_census_view_33,native_census_view_34,native_census_program_0,native_census_program_1,native_census_program_2,native_census_program_3,native_census_program_4,native_census_program_5,native_census_program_6,native_census_program_7,native_census_program_8,native_census_stage_begin_attempt,native_census_stage_begin_rejected,native_census_stage_known_needs_state,native_census_stage_queue_accepted,native_census_stage_queue_rejected,native_census_stage_capture_sealed,native_census_stage_capture_aborted,native_cache_producer_lookup,native_cache_producer_hit,native_cache_producer_miss,native_cache_producer_insert,native_cache_producer_replace,native_cache_capture_attempt,native_cache_capture_context_reject,native_cache_capture_source_reject,native_cache_capture_busy_reject,native_cache_capture_limit_reject,native_cache_capture_aborted,native_cache_transport_attempt,native_cache_transport_contract_reject,native_cache_transport_pin_reject,native_cache_transport_queue_reject,native_cache_consumer_attempt,native_cache_consumer_hit,native_cache_consumer_disabled,native_cache_consumer_missing,native_cache_consumer_pin,native_cache_consumer_runtime,native_cache_consumer_pipeline,native_cache_consumer_guard,native_cache_consumer_vertex_program,native_cache_consumer_geometry,native_cache_consumer_layout,native_cache_consumer_buffers,native_cache_consumer_textures,native_cache_consumer_texture_modes,native_cache_consumer_insert,native_cache_consumer_replace,native_cache_consumer_clear,native_cache_peak_producer_slots,native_cache_peak_consumer_slots,native_cache_peak_producer_metadata_bytes,native_cache_peak_consumer_metadata_bytes,native_cache_peak_live_recipes,native_cache_peak_recipe_payload_bytes,native_cache_peak_pending_segments,native_cache_peak_pending_pinned_bytes,native_cache_peak_queue_batches,reuse_sampled_frames,reuse_draws,reuse_vertices,reuse_full_hits,reuse_full_hit_vertices,reuse_pn_draws,reuse_pn_vertices,reuse_pn_hits,reuse_pn_hit_vertices,reuse_table_overflows,reuse_skipped_draws,reuse_pn_cross_draw_vertices,reuse_pn_vertex_table_overflows,vertex_decode_us,vertex_transform_us,texture_resolve_us,pipeline_resolve_us,command_build_us,submit_us,efb_copy_us,present_us,buffer_upload_us,stream_wait_us,vertex_pack_us,geometry_cache_us,draw_frontend_us,state_translate_us,geometry_key_us,geometry_validate_us,state_pipeline_us,state_key_us,state_vertex_us,state_memo_us,state_layout_us,fixed_uniform_build_us,fixed_uniform_publish_us
618,96481,59008291,0,0,0,61094,1111,291,74377,69452,0,0,119747,9930,8385770,0,0,0,0,1460,94,3982765,30,117,0,0,0,0,0,0,1,113477,5801,0,704,5121,0,0,0,0,0,302,2815,0,0,0,0,0,0,0,0,0,0,0,0,0,0,0,152466,37591,114875,91678,225005,216140,0,215934,0,0,0,0,0,0,182554,0,22316,175423,216140,54831,96686,0,214910,30170,0,71572,216140,0,216140,19779,0,0,0,0,0,0,206,0,0,692,146533,0,0,1230,0,0,0,0,42873,4713,2732,0,0,1230,513,0,7192,4920,2038,0,0,0,0,0,0,0,16,0,1458,0,0,0,1987,0,40717,0,139810,28023,1056,4547,0,91812,134,0,60788,0,91678,0,152600,60788,91812,91678,91423,91812,0,0,0,134,0,152466,0,0,0,152466,37591,0,114520,0,0,0,37,238,80,0,0,0,0,100103,99847,0,255,256,65536,1226752,384,0,127,262016,8,0,0,0,0,0,0,0,0,0,0,0,0,0,8427,0,1709,167,1402,6494,0,162,63,3,0,6950,39071,5605,0,0,1880,400,732,441,722,986,1053
619,72663,59042196,0,0,0,32656,1078,290,74367,69452,0,0,119834,9939,8385770,0,0,0,0,3790,94,3982765,31,117,0,0,0,0,0,0,1,113551,5801,0,704,5121,0,0,0,0,0,302,2815,0,0,0,0,0,0,0,0,0,0,0,0,0,0,0,152671,37725,114946,91733,225311,216430,0,216224,0,0,0,0,0,0,182799,0,22359,175650,216430,54899,96875,0,215198,30190,0,71642,216430,0,216430,19886,0,0,0,0,0,0,206,0,0,693,146644,0,0,1232,0,0,0,0,43007,4723,2738,0,0,1232,513,0,7199,4928,2038,0,0,0,0,0,0,0,16,0,1467,0,0,0,1996,0,40780,0,139922,28124,1056,4552,0,91867,134,0,60938,0,91733,0,152805,60938,91867,91733,91478,91867,0,0,0,134,0,152671,0,0,0,152671,37725,0,114591,0,0,0,37,238,80,0,0,0,0,100165,99909,0,255,256,65536,1226752,384,0,127,262016,8,0,0,0,0,0,0,0,0,0,0,0,0,0,7512,0,1769,168,1322,6137,0,149,64,6,0,930,32366,5566,0,0,1886,411,769,433,723,924,1001
620,70656,59076098,0,0,0,32420,1063,291,74618,69707,0,0,119919,9948,8385770,0,0,0,0,4549,94,3982765,31,117,0,0,0,0,0,0,1,113624,5801,0,704,5121,0,0,0,0,0,302,2815,0,0,0,0,0,0,0,0,0,0,0,0,0,0,0,152877,37862,115015,91788,225618,216721,0,216515,0,0,0,0,0,0,183045,0,22402,175878,216721,54967,97064,0,215487,30210,0,71712,216721,0,216721,19993,0,0,0,0,0,0,206,0,0,694,146756,0,0,1234,0,0,0,0,43141,4733,2744,0,0,1234,513,0,7206,4936,2038,0,0,0,0,0,0,0,16,0,1476,0,0,0,2005,0,40843,0,140035,28225,1056,4557,0,91922,134,0,61089,0,91788,0,153011,61089,91922,91788,91533,91922,0,0,0,134,0,152877,0,0,0,152877,37862,0,114660,0,0,0,37,238,80,0,0,0,0,100225,99969,0,255,256,65536,1226752,384,0,127,262016,8,0,0,0,0,0,0,0,0,0,0,0,0,0,7410,0,1720,162,1337,6423,0,153,74,5,0,898,32543,5508,0,0,1816,409,733,423,748,949,1056
621,71048,59109141,0,0,0,32095,1061,280,71588,66687,0,0,120003,9957,8385770,0,0,0,0,2992,94,3982765,32,117,0,0,0,0,0,0,1,113701,5801,0,704,5121,0,0,0,0,0,302,2815,0,0,0,0,0,0,0,0,0,0,0,0,0,0,0,153079,37992,115087,91842,225914,217001,0,216795,0,0,0,0,0,0,183282,0,22442,176102,217001,55032,97246,0,215765,30229,0,71774,217001,0,217001,20100,0,0,0,0,0,0,206,0,0,695,146865,0,0,1236,0,0,0,0,43273,4740,2748,0,0,1236,513,0,7212,4944,2038,0,0,0,0,0,0,0,16,0,1485,0,0,0,2014,0,40899,0,140145,28326,1056,4561,0,91976,134,0,61237,0,91842,0,153213,61237,91976,91842,91587,91976,0,0,0,134,0,153079,0,0,0,153079,37992,0,114732,0,0,0,37,238,80,0,0,0,0,100288,100032,0,255,256,65536,1226752,384,0,127,262016,8,0,0,0,0,0,0,0,0,0,0,0,0,0,7300,0,1646,143,1331,5923,0,166,55,3,0,906,31507,5325,0,0,1750,389,744,415,702,892,1054
622,95104,59156963,0,0,0,59206,1073,284,72328,68410,0,0,120136,9966,8388244,0,0,0,0,3265,95,4013862,33,117,0,0,0,0,0,0,1,113784,5801,0,704,5131,0,0,0,0,0,302,2820,0,0,0,0,0,0,0,0,0,0,0,0,0,0,0,153285,38077,115208,91892,226214,217285,0,217079,0,0,0,0,0,0,183523,0,22482,176330,217285,55097,97428,0,216047,30248,0,71836,217285,0,217285,20207,0,0,0,0,0,0,206,0,0,696,146978,0,0,1238,0,0,0,0,43405,4747,2752,0,0,1238,513,0,7218,4952,2038,0,0,0,0,0,0,0,16,0,1494,0,0,0,2023,0,40955,0,140259,28427,1056,4565,0,92026,134,0,61393,0,91892,0,153419,61393,92026,91892,91637,92026,0,0,0,134,0,153285,0,0,0,153285,38077,0,114807,0,0,0,37,284,80,0,0,0,0,100358,100102,0,255,256,65536,1226752,384,0,127,262016,8,0,0,0,0,0,0,0,0,0,0,0,0,0,6749,0,1534,159,2123,6147,0,165,58,4,0,12023,44183,6199,0,0,2059,482,945,482,995,906,1149
623,73143,59188485,0,0,0,31101,1099,284,72330,68410,0,0,120220,9971,8388244,0,0,0,0,2657,95,4013862,34,117,0,0,0,0,0,0,1,113842,5801,0,704,5131,0,0,0,0,0,302,2820,0,0,0,0,0,0,0,0,0,0,0,0,0,0,0,153491,38215,115276,91940,226514,217569,0,217363,0,0,0,0,0,0,183764,0,22522,176558,217569,55162,97610,0,216329,30267,0,71898,217569,0,217569,20314,0,0,0,0,0,0,206,0,0,697,147091,0,0,1240,0,0,0,0,43537,4754,2756,0,0,1240,513,0,7224,4960,2038,0,0,0,0,0,0,0,16,0,1503,0,0,0,2032,0,41011,0,140373,28528,1056,4569,0,92074,134,0,61551,0,91940,0,153625,61551,92074,91940,91685,92074,0,0,0,134,0,153491,0,0,0,153491,38215,0,114875,0,0,0,37,284,80,0,0,0,0,100421,100165,0,255,256,65536,1226752,384,0,127,262016,8,0,0,0,0,0,0,0,0,0,0,0,0,0,5711,0,1739,141,1270,6548,0,182,58,4,0,868,30472,5248,0,0,1760,398,693,403,709,928,1031
624,67490,59220062,0,0,0,31388,1123,287,72920,68996,0,0,120306,9976,8388244,0,0,0,0,2751,95,4013862,30,117,0,0,0,0,0,0,1,113898,5801,0,704,5131,0,0,0,0,0,302,2820,0,0,0,0,0,0,0,0,0,0,0,0,0,0,0,153700,38354,115346,91990,226817,217856,0,217650,0,0,0,0,0,0,184008,0,22562,176789,217856,55227,97794,0,216614,30287,0,71962,217856,0,217856,20421,0,0,0,0,0,0,206,0,0,698,147207,0,0,1242,0,0,0,0,43669,4761,2760,0,0,1242,513,0,7230,4968,2038,0,0,0,0,0,0,0,16,0,1512,0,0,0,2041,0,41067,0,140489,28629,1056,4574,0,92124,134,0,61710,0,91990,0,153834,61710,92124,91990,91735,92124,0,0,0,134,0,153700,0,0,0,153700,38354,0,114945,0,0,0,37,284,80,0,0,0,0,100486,100230,0,255,256,65536,1226752,384,0,127,262016,8,0,0,0,0,0,0,0,0,0,0,0,0,0,5854,0,1753,214,1280,6161,0,145,54,9,0,922,30543,5258,0,0,1740,401,693,403,742,938,1041
625,96247,59277256,0,0,0,31238,26692,289,72551,68563,2,5120,120391,9981,8388244,0,0,0,0,4310,95,4013862,30,117,0,0,0,0,0,0,1,113953,5801,0,704,5133,0,0,0,0,0,302,2820,0,0,0,0,0,0,0,0,0,0,0,0,0,0,0,153905,38491,115414,92036,227122,218145,0,217939,0,0,0,0,0,0,184253,0,22603,177022,218145,55298,97982,0,216901,30306,0,72024,218145,0,218145,20528,0,0,0,0,0,0,206,0,0,699,147324,0,0,1244,0,0,0,0,43801,4768,2764,0,0,1244,513,0,7236,4976,2038,0,0,0,0,0,0,0,16,0,1522,0,0,0,2051,0,41123,0,140606,28730,1056,4579,0,92170,134,0,61869,0,92036,0,154039,61869,92170,92036,91781,92170,0,0,0,134,0,153905,0,0,0,153905,38491,0,115013,0,0,0,37,284,80,0,0,0,0,100549,100293,0,255,256,65536,1226752,384,0,127,262016,8,0,0,0,0,0,0,0,0,0,0,0,0,0,6134,0,27201,187,1272,6150,0,154,61,4,0,972,56191,5250,0,0,1720,385,713,399,733,956,1029
626,92807,59317054,0,0,0,46712,1070,272,67550,64917,0,0,120475,9986,8383220,0,0,0,0,2064,96,4045644,31,117,0,0,0,0,0,0,1,114022,5801,0,704,5143,0,0,0,0,0,302,2825,0,0,0,0,0,0,0,0,0,0,0,0,0,0,0,154099,38617,115482,92082,227410,218417,0,218211,0,0,0,0,0,0,184481,0,22645,177237,218417,55363,98157,0,217171,30325,0,72087,218417,0,218417,20625,0,0,0,0,0,0,206,0,0,700,147433,0,0,1246,0,0,0,0,43924,4775,2768,0,0,1246,513,0,7242,4984,2038,0,0,0,0,0,0,0,16,0,1532,0,0,0,2061,0,41180,0,140715,28821,1056,4584,0,92216,134,0,62017,0,92082,0,154233,62017,92216,92082,91827,92216,0,0,0,134,0,154099,0,0,0,154099,38617,0,115081,0,0,0,37,284,80,0,0,0,0,100616,100360,0,255,256,65536,1226752,384,0,127,262016,8,0,0,0,0,0,0,0,0,0,0,0,0,0,4783,0,1611,143,1405,5999,0,154,53,5,0,11744,38244,4932,0,0,1632,378,671,381,669,895,988
627,73639,59349944,0,0,0,30938,1048,272,67550,64917,0,0,120606,9987,8383220,0,0,0,0,2351,96,4045644,34,117,0,0,0,0,0,0,1,114055,5801,0,704,5143,0,0,0,0,0,302,2825,0,0,0,0,0,0,0,0,0,0,0,0,0,0,0,154293,38700,115593,92128,227698,218689,0,218483,0,0,0,0,0,0,184709,0,22687,177452,218689,55428,98332,0,217441,30344,0,72150,218689,0,218689,20722,0,0,0,0,0,0,206,0,0,701,147542,0,0,1248,0,0,0,0,44047,4782,2772,0,0,1248,513,0,7248,4992,2038,0,0,0,0,0,0,0,16,0,1542,0,0,0,2071,0,41237,0,140824,28912,1056,4589,0,92262,134,0,62165,0,92128,0,154427,62165,92262,92128,91873,92262,0,0,0,134,0,154293,0,0,0,154293,38700,0,115140,0,0,0,37,336,80,0,0,0,0,100674,100418,0,255,256,65536,1226752,384,0,127,262016,8,0,0,0,0,0,0,0,0,0,0,0,0,0,3763,0,1611,144,1853,5565,0,175,54,4,0,1382,29923,6021,0,0,2125,492,907,456,913,896,1031
628,62496,59377849,0,0,0,28431,1068,272,67542,64917,0,0,120687,9988,8383220,0,0,0,0,2525,96,4045644,29,117,0,0,0,0,0,0,1,114087,5801,0,704,5143,0,0,0,0,0,302,2825,0,0,0,0,0,0,0,0,0,0,0,0,0,0,0,154487,38833,115654,92174,227986,218961,0,218755,0,0,0,0,0,0,184937,0,22729,177667,218961,55493,98507,0,217711,30363,0,72213,218961,0,218961,20819,0,0,0,0,0,0,206,0,0,702,147651,0,0,1250,0,0,0,0,44170,4789,2776,0,0,1250,513,0,7254,5000,2038,0,0,0,0,0,0,0,16,0,1552,0,0,0,2081,0,41294,0,140933,29003,1056,4594,0,92308,134,0,62313,0,92174,0,154621,62313,92308,92174,91919,92308,0,0,0,134,0,154487,0,0,0,154487,38833,0,115201,0,0,0,37,336,80,0,0,0,0,100734,100478,0,255,256,65536,1226752,384,0,127,262016,8,0,0,0,0,0,0,0,0,0,0,0,0,0,3755,0,1649,146,1189,6107,0,162,45,3,0,823,27054,4895,0,0,1648,393,653,371,650,904,988
629,68045,59405717,0,0,0,28324,1110,272,67602,64917,0,0,120766,9989,8383220,0,0,0,0,2096,96,4045644,34,117,0,0,0,0,0,0,1,114120,5801,0,704,5143,0,0,0,0,0,302,2825,0,0,0,0,0,0,0,0,0,0,0,0,0,0,0,154681,38968,115713,92220,228274,219233,0,219027,0,0,0,0,0,0,185165,0,22771,177882,219233,55557,98682,0,217981,30382,0,72276,219233,0,219233,20916,0,0,0,0,0,0,206,0,0,703,147760,0,0,1252,0,0,0,0,44293,4796,2780,0,0,1252,513,0,7260,5008,2038,0,0,0,0,0,0,0,16,0,1562,0,0,0,2091,0,41351,0,141042,29094,1056,4599,0,92354,134,0,62461,0,92220,0,154815,62461,92354,92220,91965,92354,0,0,0,134,0,154681,0,0,0,154681,38968,0,115260,0,0,0,37,336,80,0,0,0,0,100792,100536,0,255,256,65536,1226752,384,0,127,262016,8,0,0,0,0,0,0,0,0,0,0,0,0,0,3819,0,1663,145,1169,5900,0,171,54,4,0,838,26852,4851,0,0,1600,361,641,370,633,921,1007
630,85567,59436536,0,0,0,42557,1116,272,67594,65538,0,0,120846,9990,8365972,0,0,0,0,1844,97,4078041,30,117,0,0,0,0,0,0,1,114157,5801,0,704,5145,0,0,0,0,0,302,2826,0,0,0,0,0,0,0,0,0,0,0,0,0,0,0,154875,39102,115773,92266,228562,219505,0,219299,0,0,0,0,0,0,185393,0,22813,178097,219505,55621,98857,0,218251,30401,0,72339,219505,0,219505,21013,0,0,0,0,0,0,206,0,0,704,147869,0,0,1254,0,0,0,0,44416,4803,2784,0,0,1254,513,0,7266,5016,2038,0,0,0,0,0,0,0,16,0,1572,0,0,0,2101,0,41408,0,141151,29185,1056,4604,0,92400,134,0,62609,0,92266,0,155009,62609,92400,92266,92011,92400,0,0,0,134,0,154875,0,0,0,154875,39102,0,115320,0,0,0,37,336,80,0,0,0,0,100852,100596,0,255,256,65536,1226752,384,0,127,262016,8,0,0,0,0,0,0,0,0,0,0,0,0,0,3259,0,1687,154,1286,6127,0,147,55,7,0,3886,29845,5160,0,0,1819,473,656,481,701,919,1063
631,80928,59465060,0,0,0,28840,1068,271,67658,65538,0,0,120930,9990,8365972,0,0,0,0,1886,97,4078041,32,117,0,0,0,0,0,0,1,114181,5801,0,704,5145,0,0,0,0,0,302,2826,0,0,0,0,0,0,0,0,0,0,0,0,0,0,0,155069,39233,115836,92312,228849,219776,0,219570,0,0,0,0,0,0,185620,0,22854,178312,219776,55683,99031,0,218520,30420,0,72401,219776,0,219776,21110,0,0,0,0,0,0,206,0,0,705,147978,0,0,1256,0,0,0,0,44538,4810,2788,0,0,1256,513,0,7272,5024,2038,0,0,0,0,0,0,0,16,0,1582,0,0,0,2111,0,41464,0,141260,29276,1056,4609,0,92446,134,0,62757,0,92312,0,155203,62757,92446,92312,92057,92446,0,0,0,134,0,155069,0,0,0,155069,39233,0,115383,0,0,0,37,336,80,0,0,0,0,100915,100659,0,255,256,65536,1226752,384,0,127,262016,8,0,0,0,0,0,0,0,0,0,0,0,0,0,2970,0,1652,131,1298,6794,0,180,53,4,0,938,27686,5001,0,0,1615,363,667,378,718,949,1115
632,66950,59497692,0,0,0,29295,1087,281,72405,70285,0,0,121067,9990,8365972,0,0,0,0,1535,97,4078041,32,117,0,0,0,0,0,0,1,114204,5801,0,704,5145,0,0,0,0,0,302,2826,0,0,0,0,0,0,0,0,0,0,0,0,0,0,0,155272,39321,115951,92358,229146,220057,0,219851,0,0,0,0,0,0,185857,0,22895,178537,220057,55746,99215,0,218799,30439,0,72463,220057,0,220057,21217,0,0,0,0,0,0,206,0,0,706,148087,0,0,1258,0,0,0,0,44670,4817,2792,0,0,1258,513,0,7278,5032,2038,0,0,0,0,0,0,0,16,0,1592,0,0,0,2121,0,41520,0,141369,29377,1056,4614,0,92492,134,0,62914,0,92358,0,155406,62914,92492,92358,92103,92492,0,0,0,134,0,155272,0,0,0,155272,39321,0,115454,0,0,0,37,380,80,0,0,0,0,100986,100730,0,255,256,65536,1226752,384,0,127,262016,8,0,0,0,0,0,0,0,0,0,0,0,0,0,2931,0,1525,121,1894,6055,0,170,52,6,0,1384,29661,5952,0,0,2035,539,880,455,896,935,1017
633,127119,59565067,0,0,0,66572,1075,286,72493,70285,2,43648,121158,9990,8365972,0,0,0,0,2303,97,4078041,30,117,0,0,0,0,0,0,1,114224,5801,0,704,5147,0,0,0,0,0,302,2826,0,0,0,0,0,0,0,0,0,0,0,0,0,0,0,155475,39455,116020,92404,229448,220343,0,220137,0,0,0,0,0,0,186095,0,22941,178762,220343,55813,99404,0,219083,30458,0,72526,220343,0,220343,21324,0,0,0,0,0,0,206,0,0,707,148196,0,0,1260,0,0,0,0,44803,4824,2796,0,0,1260,513,0,7288,5040,2038,0,0,0,0,0,0,0,16,0,1602,0,0,0,2131,0,41581,0,141478,29478,1056,4619,0,92538,134,0,63071,0,92404,0,155609,63071,92538,92404,92149,92538,0,0,0,134,0,155475,0,0,0,155475,39455,0,115523,0,0,0,37,380,80,0,0,0,0,101055,100799,0,255,256,65536,1226752,384,0,127,262016,8,0,0,0,0,0,0,0,0,0,0,0,0,0,3275,0,39495,162,1347,6522,0,151,60,3,0,925,66270,5426,0,0,1807,458,725,409,705,939,1073
634,114238,59600448,0,0,0,31133,1028,293,72670,70461,0,0,121296,9990,8365972,0,0,0,0,1750,97,4078041,32,117,0,0,0,0,0,0,1,114250,5801,0,704,5147,0,0,0,0,0,302,2826,0,0,0,0,0,0,0,0,0,0,0,0,0,0,0,155679,39544,116135,92450,229756,220636,0,220430,0,0,0,0,0,0,186341,0,22986,178995,220636,55886,99597,0,219374,30477,0,72589,220636,0,220636,21431,0,0,0,0,0,0,206,0,0,708,148313,0,0,1262,0,0,0,0,44936,4831,2800,0,0,1262,513,0,7297,5048,2038,0,0,0,0,0,0,0,16,0,1612,0,0,0,2141,0,41641,0,141595,29579,1056,4624,0,92584,134,0,63229,0,92450,0,155813,63229,92584,92450,92195,92584,0,0,0,134,0,155679,0,0,0,155679,39544,0,115597,0,0,0,37,421,80,0,0,0,0,101129,100873,0,255,256,65536,1226752,384,0,127,262016,8,0,0,0,0,0,0,0,0,0,0,0,0,0,3429,0,1571,164,2061,6233,0,161,58,4,0,1411,31796,6526,0,0,2268,546,1017,510,1016,934,1096
635,75709,59630469,0,0,0,29901,1042,293,72658,70461,0,0,121381,9990,8365972,0,0,0,0,1715,97,4078041,30,117,0,0,0,0,0,0,1,114275,5801,0,704,5147,0,0,0,0,0,302,2826,0,0,0,0,0,0,0,0,0,0,0,0,0,0,0,155883,39686,116197,92496,230064,220929,0,220723,0,0,0,0,0,0,186587,0,23031,179228,220929,55959,99790,0,219665,30496,0,72652,220929,0,220929,21538,0,0,0,0,0,0,206,0,0,709,148430,0,0,1264,0,0,0,0,45069,4838,2804,0,0,1264,513,0,7306,5056,2038,0,0,0,0,0,0,0,16,0,1622,0,0,0,2151,0,41701,0,141712,29680,1056,4629,0,92630,134,0,63387,0,92496,0,156017,63387,92630,92496,92241,92630,0,0,0,134,0,155883,0,0,0,155883,39686,0,115659,0,0,0,37,421,80,0,0,0,0,101191,100935,0,255,256,65536,1226752,384,0,127,262016,8,0,0,0,0,0,0,0,0,0,0,0,0,0,3667,0,1743,162,1275,6726,0,147,61,3,0,852,28981,5482,0,0,1867,415,750,428,752,986,1086
636,70149,59660965,0,0,0,30132,1042,292,72686,70553,0,0,121470,9990,8365972,0,0,0,0,2199,97,4078041,32,117,0,0,0,0,0,0,1,114300,5801,0,704,5147,0,0,0,0,0,302,2826,0,0,0,0,0,0,0,0,0,0,0,0,0,0,0,156088,39825,116263,92542,230371,221221,0,221015,0,0,0,0,0,0,186834,0,23074,179462,221221,56031,99981,0,219955,30515,0,72715,221221,0,221221,21645,0,0,0,0,0,0,206,0,0,710,148548,0,0,1266,0,0,0,0,45202,4845,2808,0,0,1266,513,0,7313,5064,2038,0,0,0,0,0,0,0,16,0,1632,0,0,0,2161,0,41759,0,141830,29781,1056,4634,0,92676,134,0,63546,0,92542,0,156222,63546,92676,92542,92287,92676,0,0,0,134,0,156088,0,0,0,156088,39825,0,115725,0,0,0,37,421,80,0,0,0,0,101257,101001,0,255,256,65536,1226752,384,0,127,262016,8,0,0,0,0,0,0,0,0,0,0,0,0,0,3196,0,1722,153,1522,6647,0,155,57,4,0,918,29428,5651,0,0,1976,438,765,458,775,1068,1254
637,68824,59690263,0,0,0,29578,1034,291,72674,70553,0,0,121554,9990,8365972,0,0,0,0,1748,97,4078041,46,117,0,0,0,0,0,0,1,114324,5801,0,704,5147,0,0,0,0,0,302,2826,0,0,0,0,0,0,0,0,0,0,0,0,0,0,0,156293,39969,116324,92588,230677,221512,0,221306,0,0,0,0,0,0,187081,0,23116,179696,221512,56102,100171,0,220244,30534,0,72778,221512,0,221512,21752,0,0,0,0,0,0,206,0,0,711,148666,0,0,1268,0,0,0,0,45335,4852,2812,0,0,1268,513,0,7319,5072,2038,0,0,0,0,0,0,0,16,0,1642,0,0,0,2171,0,41816,0,141948,29882,1056,4639,0,92722,134,0,63705,0,92588,0,156427,63705,92722,92588,92333,92722,0,0,0,134,0,156293,0,0,0,156293,39969,0,115786,0,0,0,37,421,80,0,0,0,0,101318,101062,0,255,256,65536,1226752,384,0,127,262016,8,0,0,0,0,0,0,0,0,0,0,0,0,0,3090,0,1715,148,1298,6700,0,176,53,4,0,843,28219,5450,0,0,1784,415,737,404,729,955,1092
638,77432,59719369,0,0,0,29363,1054,292,73099,70986,0,0,121639,9990,8365972,0,0,0,0,1907,97,4078041,30,117,0,0,0,0,0,0,1,114349,5801,0,704,5147,0,0,0,0,0,302,2826,0,0,0,0,0,0,0,0,0,0,0,0,0,0,0,156502,40115,116387,92636,230984,221804,0,221598,0,0,0,0,0,0,187330,0,23156,179933,221804,56170,100360,0,220534,30554,0,72842,221804,0,221804,21859,0,0,0,0,0,0,206,0,0,712,148787,0,0,1270,0,0,0,0,45467,4859,2816,0,0,1270,513,0,7324,5080,2038,0,0,0,0,0,0,0,16,0,1652,0,0,0,2181,0,41871,0,142069,29983,1056,4644,0,92770,134,0,63866,0,92636,0,156636,63866,92770,92636,92381,92770,0,0,0,134,0,156502,0,0,0,156502,40115,0,115849,0,0,0,37,421,80,0,0,0,0,101381,101125,0,255,256,65536,1226752,384,0,127,262016,8,0,0,0,0,0,0,0,0,0,0,0,0,0,3162,0,1747,128,1282,6516,0,151,57,5,0,862,28392,5537,0,0,1746,400,694,400,760,991,1090
639,70606,59753236,0,0,0,30229,1057,289,73020,70957,0,0,121776,9990,8365972,0,0,0,0,1845,97,4078041,30,117,0,0,0,0,0,0,1,114374,5801,0,704,5147,0,0,0,0,0,302,2826,0,0,0,0,0,0,0,0,0,0,0,0,0,0,0,156711,40208,116503,92684,231288,222093,0,221887,0,0,0,0,0,0,187576,0,23196,180167,222093,56235,100546,0,220821,30574,0,72906,222093,0,222093,21966,0,0,0,0,0,0,206,0,0,713,148905,0,0,1272,0,0,0,0,45599,4866,2820,0,0,1272,513,0,7329,5088,2038,0,0,0,0,0,0,0,16,0,1662,0,0,0,2191,0,41926,0,142187,30084,1056,4649,0,92818,134,0,64027,0,92684,0,156845,64027,92818,92684,92429,92818,0,0,0,134,0,156711,0,0,0,156711,40208,0,115913,0,0,0,37,473,80,0,0,0,0,101445,101189,0,255,256,65536,1226752,384,0,127,262016,8,0,0,0,0,0,0,0,0,0,0,0,0,0,2863,0,1602,153,2050,6057,0,156,54,2,0,1421,30762,6382,0,0,2091,520,935,471,1019,929,1105
640,64248,59781640,0,0,0,27959,1036,283,72388,70371,0,0,121864,9990,8365972,0,0,0,0,1817,97,4078041,30,117,0,0,0,0,0,0,1,114398,5801,0,704,5147,0,0,0,0,0,302,2826,0,0,0,0,0,0,0,0,0,0,0,0,0,0,0,156917,40347,116570,92732,231586,222376,0,222170,0,0,0,0,0,0,187817,0,23235,180396,222376,56297,100727,0,221102,30593,0,72968,222376,0,222376,22073,0,0,0,0,0,0,206,0,0,714,149018,0,0,1274,0,0,0,0,45731,4873,2824,0,0,1274,513,0,7333,5096,2038,0,0,0,0,0,0,0,16,0,1672,0,0,0,2201,0,41980,0,142301,30185,1056,4653,0,92866,134,0,64185,0,92732,0,157051,64185,92866,92732,92477,92866,0,0,0,134,0,156917,0,0,0,156917,40347,0,115980,0,0,0,37,473,80,0,0,0,0,101512,101256,0,255,256,65536,1226752,384,0,127,262016,8,0,0,0,0,0,0,0,0,0,0,0,0,0,2675,0,1690,119,1352,6378,0,150,54,12,0,880,27478,5296,0,0,1870,393,667,415,806,957,1092
641,81997,59809465,0,0,0,27729,1043,284,72460,70371,0,0,121948,9990,8365972,0,0,0,0,1816,97,4078041,31,117,0,0,0,0,0,0,1,114423,5801,0,704,5147,0,0,0,0,0,302,2826,0,0,0,0,0,0,0,0,0,0,0,0,0,0,0,157123,40490,116633,92780,231885,222660,0,222454,0,0,0,0,0,0,188058,0,23275,180625,222660,56359,100909,0,221384,30612,0,73030,222660,0,222660,22180,0,0,0,0,0,0,206,0,0,715,149131,0,0,1276,0,0,0,0,45863,4880,2828,0,0,1276,513,0,7338,5104,2038,0,0,0,0,0,0,0,16,0,1682,0,0,0,2211,0,42035,0,142415,30286,1056,4657,0,92914,134,0,64343,0,92780,0,157257,64343,92914,92780,92525,92914,0,0,0,134,0,157123,0,0,0,157123,40490,0,116043,0,0,0,37,473,80,0,0,0,0,101575,101319,0,255,256,65536,1226752,384,0,127,262016,8,0,0,0,0,0,0,0,0,0,0,0,0,0,2842,0,1727,125,1347,6267,0,151,48,4,0,917,27165,5029,0,0,1664,391,667,376,692,1029,1155
642,71505,59840998,0,0,0,30689,1047,296,75868,73779,0,0,122051,9990,8365972,0,0,0,0,1736,97,4078041,31,117,0,0,0,0,0,0,1,114449,5801,0,704,5147,0,0,0,0,0,302,2826,0,0,0,0,0,0,0,0,0,0,0,0,0,0,0,157336,40625,116711,92832,232196,222956,0,222750,0,0,0,0,0,0,188310,0,23316,180861,222956,56422,101096,0,221678,30633,0,73101,222956,0,222956,22287,0,0,0,0,0,0,206,0,0,716,149250,0,0,1278,0,0,0,0,45996,4890,2834,0,0,1278,513,0,7343,5112,2038,0,0,0,0,0,0,0,16,0,1692,0,0,0,2221,0,42095,0,142535,30387,1056,4662,0,92966,134,0,64504,0,92832,0,157470,64504,92966,92832,92577,92966,0,0,0,134,0,157336,0,0,0,157336,40625,0,116121,0,0,0,37,473,80,0,0,0,0,101653,101397,0,255,256,65536,1226752,384,0,127,262016,8,0,0,0,0,0,0,0,0,0,0,0,0,0,2759,0,1736,128,1650,7150,0,163,52,4,0,1025,30219,5848,0,0,1985,445,766,461,780,987,1199
643,69374,59871337,0,0,0,29470,1152,292,75120,73043,0,0,122154,9990,8365972,0,0,0,0,1767,97,4078041,34,117,0,0,0,0,0,0,1,114475,5801,0,704,5147,0,0,0,0,0,302,2826,0,0,0,0,0,0,0,0,0,0,0,0,0,0,0,157545,40756,116789,92887,232503,223248,0,223042,0,0,0,0,0,0,188558,0,23357,181093,223248,56485,101283,0,221968,30654,0,73172,223248,0,223248,22394,0,0,0,0,0,0,206,0,0,717,149365,0,0,1280,0,0,0,0,46129,4900,2840,0,0,1280,513,0,7348,5120,2038,0,0,0,0,0,0,0,16,0,1702,0,0,0,2231,0,42155,0,142651,30488,1056,4667,0,93021,134,0,64658,0,92887,0,157679,64658,93021,92887,92632,93021,0,0,0,134,0,157545,0,0,0,157545,40756,0,116199,0,0,0,37,473,80,0,0,0,0,101731,101475,0,255,256,65536,1226752,384,0,127,262016,8,0,0,0,0,0,0,0,0,0,0,0,0,0,2924,0,1714,121,1480,6494,0,179,49,3,0,1014,28787,5635,0,0,1858,430,749,444,738,962,1099
644,66676,59900955,0,0,0,29035,1159,293,75300,73251,0,0,122250,9990,8365972,0,0,0,0,1894,97,4078041,33,117,0,0,0,0,0,0,1,114500,5801,0,704,5147,0,0,0,0,0,302,2826,0,0,0,0,0,0,0,0,0,0,0,0,0,0,0,157755,40895,116860,92946,232811,223541,0,223335,0,0,0,0,0,0,188807,0,23398,181326,223541,56548,101474,0,222259,30676,0,73245,223541,0,223541,22501,0,0,0,0,0,0,206,0,0,718,149481,0,0,1282,0,0,0,0,46262,4910,2846,0,0,1282,513,0,7353,5128,2038,0,0,0,0,0,0,0,16,0,1712,0,0,0,2241,0,42215,0,142768,30589,1056,4672,0,93080,134,0,64809,0,92946,0,157889,64809,93080,92946,92691,93080,0,0,0,134,0,157755,0,0,0,157755,40895,0,116270,0,0,0,37,473,80,0,0,0,0,101802,101546,0,255,256,65536,1226752,384,0,127,262016,8,0,0,0,0,0,0,0,0,0,0,0,0,0,2819,0,1727,119,1427,6619,0,172,51,4,0,955,28539,5400,0,0,1810,419,701,427,769,1065,1128
645,69318,59930885,0,0,0,29679,1090,292,75013,72996,0,0,122344,9990,8365972,0,0,0,0,1967,97,4078041,31,117,0,0,0,0,0,0,1,114523,5801,0,704,5147,0,0,0,0,0,302,2826,0,0,0,0,0,0,0,0,0,0,0,0,0,0,0,157964,41035,116929,93005,233118,223833,0,223627,0,0,0,0,0,0,189055,0,23439,181558,223833,56613,101665,0,222549,30698,0,73318,223833,0,223833,22608,0,0,0,0,0,0,206,0,0,719,149596,0,0,1284,0,0,0,0,46395,4920,2852,0,0,1284,513,0,7358,5136,2038,0,0,0,0,0,0,0,16,0,1722,0,0,0,2251,0,42275,0,142884,30690,1056,4677,0,93139,134,0,64959,0,93005,0,158098,64959,93139,93005,92750,93139,0,0,0,134,0,157964,0,0,0,157964,41035,0,116339,0,0,0,37,473,80,0,0,0,0,101871,101615,0,255,256,65536,1226752,384,0,127,262016,8,0,0,0,0,0,0,0,0,0,0,0,0,0,2798,0,1769,123,1437,6756,0,146,49,4,0,959,29026,5419,0,0,1859,428,707,429,768,1018,1232
646,66879,59960776,0,0,0,29150,1038,293,75463,73474,0,0,122443,9990,8365972,0,0,0,0,1960,97,4078041,29,117,0,0,0,0,0,0,1,114546,5801,0,704,5147,0,0,0,0,0,302,2826,0,0,0,0,0,0,0,0,0,0,0,0,0,0,0,158175,41171,117004,93059,233426,224126,0,223920,0,0,0,0,0,0,189304,0,23480,181791,224126,56677,101856,0,222840,30720,0,73391,224126,0,224126,22715,0,0,0,0,0,0,206,0,0,720,149712,0,0,1286,0,0,0,0,46528,4930,2858,0,0,1286,513,0,7363,5144,2038,0,0,0,0,0,0,0,16,0,1732,0,0,0,2261,0,42335,0,143001,30791,1056,4682,0,93193,134,0,65116,0,93059,0,158309,65116,93193,93059,92804,93193,0,0,0,134,0,158175,0,0,0,158175,41171,0,116414,0,0,0,37,473,80,0,0,0,0,101946,101690,0,255,256,65536,1226752,384,0,127,262016,8,0,0,0,0,0,0,0,0,0,0,0,0,0,2787,0,1738,126,1475,6469,0,146,56,3,0,978,28781,5674,0,0,2011,462,733,471,769,973,1142
647,69045,59990644,0,0,0,28505,1028,290,75242,73285,0,0,122545,9990,8365972,0,0,0,0,1975,97,4078041,31,117,0,0,0,0,0,0,1,114569,5801,0,704,5147,0,0,0,0,0,302,2826,0,0,0,0,0,0,0,0,0,0,0,0,0,0,0,158384,41302,117082,93112,233731,224416,0,224210,0,0,0,0,0,0,189551,0,23520,182022,224416,56740,102045,0,223128,30742,0,73464,224416,0,224416,22822,0,0,0,0,0,0,206,0,0,721,149826,0,0,1288,0,0,0,0,46661,4940,2864,0,0,1288,513,0,7367,5152,2038,0,0,0,0,0,0,0,16,0,1742,0,0,0,2271,0,42394,0,143116,30892,1056,4687,0,93246,134,0,65272,0,93112,0,158518,65272,93246,93112,92857,93246,0,0,0,134,0,158384,0,0,0,158384,41302,0,116492,0,0,0,37,473,80,0,0,0,0,102024,101768,0,255,256,65536,1226752,384,0,127,262016,8,0,0,0,0,0,0,0,0,0,0,0,0,0,2628,0,1713,122,1496,6297,0,152,50,5,0,1029,28358,5621,0,0,1971,450,738,458,760,974,1078
648,61339,60018580,0,0,0,27594,1079,276,70363,68410,0,0,122634,9990,8365972,0,0,0,0,1440,97,4078041,29,117,0,0,0,0,0,0,1,114592,5801,0,704,5147,0,0,0,0,0,302,2826,0,0,0,0,0,0,0,0,0,0,0,0,0,0,0,158579,41432,117147,93159,234022,224692,0,224486,0,0,0,0,0,0,189784,0,23560,182239,224692,56803,102220,0,223402,30764,0,73537,224692,0,224692,22916,0,0,0,0,0,0,206,0,0,722,149939,0,0,1290,0,0,0,0,46781,4950,2870,0,0,1290,513,0,7371,5160,2038,0,0,0,0,0,0,0,16,0,1752,0,0,0,2281,0,42453,0,143230,30980,1056,4692,0,93293,134,0,65420,0,93159,0,158713,65420,93293,93159,92904,93293,0,0,0,134,0,158579,0,0,0,158579,41432,0,116557,0,0,0,37,473,80,0,0,0,0,102089,101833,0,255,256,65536,1226752,384,0,127,262016,8,0,0,0,0,0,0,0,0,0,0,0,0,0,2676,0,1657,118,1280,6059,0,153,51,4,0,962,26799,5384,0,0,1949,438,666,458,728,905,1035
649,65110,60046575,0,0,0,27696,1056,275,70131,68173,0,0,122724,9990,8365972,0,0,0,0,1801,97,4078041,29,117,0,0,0,0,0,0,1,114614,5801,0,704,5147,0,0,0,0,0,302,2826,0,0,0,0,0,0,0,0,0,0,0,0,0,0,0,158773,41560,117213,93201,234312,224967,0,224761,0,0,0,0,0,0,190017,0,23599,182456,224967,56866,102392,0,223675,30785,0,73608,224967,0,224967,23010,0,0,0,0,0,0,206,0,0,723,150052,0,0,1292,0,0,0,0,46901,4960,2876,0,0,1292,513,0,7374,5168,2038,0,0,0,0,0,0,0,16,0,1762,0,0,0,2291,0,42511,0,143344,31068,1056,4697,0,93335,134,0,65572,0,93201,0,158907,65572,93335,93201,92946,93335,0,0,0,134,0,158773,0,0,0,158773,41560,0,116623,0,0,0,37,473,80,0,0,0,0,102155,101899,0,255,256,65536,1226752,384,0,127,262016,8,0,0,0,0,0,0,0,0,0,0,0,0,0,2768,0,1709,126,1329,6098,0,150,51,8,0,871,26878,5207,0,0,1820,426,677,419,728,898,1078
650,59132,60071626,0,0,0,26635,1063,259,63922,61970,0,0,122794,9990,8365972,0,0,0,0,2167,97,4078041,31,117,0,0,0,0,0,0,1,114637,5801,0,704,5147,0,0,0,0,0,302,2826,0,0,0,0,0,0,0,0,0,0,0,0,0,0,0,158952,41693,117259,93241,234586,225226,0,225020,0,0,0,0,0,0,190234,0,23638,182657,225226,56928,102555,0,223932,30804,0,73675,225226,0,225226,23095,0,0,0,0,0,0,206,0,0,724,150161,0,0,1294,0,0,0,0,47009,4970,2882,0,0,1294,513,0,7377,5176,2038,0,0,0,0,0,0,0,16,0,1772,0,0,0,2301,0,42569,0,143451,31147,1056,4702,0,93375,134,0,65711,0,93241,0,159086,65711,93375,93241,92986,93375,0,0,0,134,0,158952,0,0,0,158952,41693,0,116669,0,0,0,37,473,80,0,0,0,0,102201,101945,0,255,256,65536,1226752,384,0,127,262016,8,0,0,0,0,0,0,0,0,0,0,0,0,0,2628,0,1549,124,1007,6211,0,159,52,6,0,665,24445,4718,0,0,1670,376,567,390,632,844,925
651,62276,60096557,0,0,0,26618,1039,258,63699,61735,0,0,122860,9990,8365972,0,0,0,0,1945,97,4078041,33,117,0,0,0,0,0,0,1,114660,5801,0,704,5147,0,0,0,0,0,302,2826,0,0,0,0,0,0,0,0,0,0,0,0,0,0,0,159129,41828,117301,93272,234859,225484,0,225278,0,0,0,0,0,0,190449,0,23678,182856,225484,56991,102719,0,224188,30823,0,73742,225484,0,225484,23180,0,0,0,0,0,0,206,0,0,725,150269,0,0,1296,0,0,0,0,47116,4980,2888,0,0,1296,513,0,7381,5184,2038,0,0,0,0,0,0,0,16,0,1782,0,0,0,2311,0,42628,0,143556,31226,1056,4707,0,93406,134,0,65857,0,93272,0,159263,65857,93406,93272,93017,93406,0,0,0,134,0,159129,0,0,0,159129,41828,0,116711,0,0,0,37,473,80,0,0,0,0,102243,101987,0,255,256,65536,1226752,384,0,127,262016,8,0,0,0,0,0,0,0,0,0,0,0,0,0,2723,0,1570,131,1113,5728,0,160,53,4,0,643,24351,4799,0,0,1732,382,560,407,590,916,964
652,58358,60120712,0,0,0,26068,1061,256,63001,61037,0,0,122926,9990,8365972,0,0,0,0,1506,97,4078041,49,117,0,0,0,0,0,0,1,114683,5801,0,704,5147,0,0,0,0,0,302,2826,0,0,0,0,0,0,0,0,0,0,0,0,0,0,0,159304,41961,117343,93303,235130,225740,0,225534,0,0,0,0,0,0,190662,0,23718,183053,225740,57054,102883,0,224442,30841,0,73807,225740,0,225740,23265,0,0,0,0,0,0,206,0,0,726,150375,0,0,1298,0,0,0,0,47223,4990,2894,0,0,1298,513,0,7385,5192,2038,0,0,0,0,0,0,0,16,0,1792,0,0,0,2321,0,42687,0,143658,31305,1056,4713,0,93437,134,0,66001,0,93303,0,159438,66001,93437,93303,93048,93437,0,0,0,134,0,159304,0,0,0,159304,41961,0,116753,0,0,0,37,473,80,0,0,0,0,102285,102029,0,255,256,65536,1226752,384,0,127,262016,8,0,0,0,0,0,0,0,0,0,0,0,0,0,2651,0,1512,127,966,5717,0,223,50,3,0,624,23728,4617,0,0,1652,368,553,388,609,818,948
653,62309,60145152,0,0,0,26251,1130,256,63001,61037,0,0,122994,9990,8365972,0,0,0,0,1878,97,4078041,31,117,0,0,0,0,0,0,1,114706,5801,0,704,5147,0,0,0,0,0,302,2826,0,0,0,0,0,0,0,0,0,0,0,0,0,0,0,159479,42092,117387,93334,235401,225996,0,225790,0,0,0,0,0,0,190875,0,23758,183250,225996,57117,103047,0,224696,30859,0,73872,225996,0,225996,23350,0,0,0,0,0,0,206,0,0,727,150481,0,0,1300,0,0,0,0,47330,5000,2900,0,0,1300,513,0,7389,5200,2038,0,0,0,0,0,0,0,16,0,1802,0,0,0,2331,0,42746,0,143760,31384,1056,4719,0,93468,134,0,66145,0,93334,0,159613,66145,93468,93334,93079,93468,0,0,0,134,0,159479,0,0,0,159479,42092,0,116797,0,0,0,37,473,80,0,0,0,0,102329,102073,0,255,256,65536,1226752,384,0,127,262016,8,0,0,0,0,0,0,0,0,0,0,0,0,0,2619,0,1596,126,997,5878,0,164,52,3,0,656,24001,4702,0,0,1686,359,574,405,614,819,962
654,60044,60169253,0,0,0,25943,1044,255,62965,61037,0,0,123059,9990,8365972,0,0,0,0,2009,97,4078041,29,117,0,0,0,0,0,0,1,114729,5801,0,704,5147,0,0,0,0,0,302,2826,0,0,0,0,0,0,0,0,0,0,0,0,0,0,0,159654,42226,117428,93365,235671,226251,0,226045,0,0,0,0,0,0,191088,0,23797,183447,226251,57179,103210,0,224949,30877,0,73937,226251,0,226251,23435,0,0,0,0,0,0,206,0,0,728,150587,0,0,1302,0,0,0,0,47437,5010,2906,0,0,1302,513,0,7392,5208,2038,0,0,0,0,0,0,0,16,0,1812,0,0,0,2341,0,42804,0,143862,31463,1056,4725,0,93499,134,0,66289,0,93365,0,159788,66289,93499,93365,93110,93499,0,0,0,134,0,159654,0,0,0,159654,42226,0,116838,0,0,0,37,473,80,0,0,0,0,102370,102114,0,255,256,65536,1226752,384,0,127,262016,8,0,0,0,0,0,0,0,0,0,0,0,0,0,2628,0,1572,120,970,5632,0,152,52,5,0,626,23663,4626,0,0,1696,383,564,391,591,816,939
655,60417,60192980,0,0,0,25781,1081,255,62953,61037,0,0,123123,9990,8365972,0,0,0,0,1434,97,4078041,31,117,0,0,0,0,0,0,1,114749,5801,0,704,5147,0,0,0,0,0,302,2826,0,0,0,0,0,0,0,0,0,0,0,0,0,0,0,159829,42361,117468,93396,235941,226506,0,226300,0,0,0,0,0,0,191301,0,23836,183644,226506,57242,103373,0,225202,30895,0,74002,226506,0,226506,23520,0,0,0,0,0,0,206,0,0,729,150693,0,0,1304,0,0,0,0,47544,5020,2912,0,0,1304,513,0,7395,5216,2038,0,0,0,0,0,0,0,16,0,1822,0,0,0,2351,0,42862,0,143964,31542,1056,4731,0,93530,134,0,66433,0,93396,0,159963,66433,93530,93396,93141,93530,0,0,0,134,0,159829,0,0,0,159829,42361,0,116878,0,0,0,37,473,80,0,0,0,0,102410,102154,0,255,256,65536,1226752,384,0,127,262016,8,0,0,0,0,0,0,0,0,0,0,0,0,0,2709,0,1529,124,934,5691,0,148,54,5,0,598,23429,4497,0,0,1579,336,531,373,618,818,940
656,67552,60216588,0,0,0,25419,1038,250,61629,59717,0,0,123189,9990,8365972,0,0,0,0,2443,97,4078041,29,117,0,0,0,0,0,0,1,114769,5801,0,704,5147,0,0,0,0,0,302,2826,0,0,0,0,0,0,0,0,0,0,0,0,0,0,0,159999,42489,117510,93427,236206,226756,0,226550,0,0,0,0,0,0,191509,0,23875,183836,226756,57305,103536,0,225450,30913,0,74067,226756,0,226756,23605,0,0,0,0,0,0,206,0,0,730,150794,0,0,1306,0,0,0,0,47651,5030,2918,0,0,1306,513,0,7398,5224,2038,0,0,0,0,0,0,0,16,0,1832,0,0,0,2361,0,42920,0,144061,31621,1056,4737,0,93561,134,0,66572,0,93427,0,160133,66572,93561,93427,93172,93561,0,0,0,134,0,159999,0,0,0,159999,42489,0,116920,0,0,0,37,473,80,0,0,0,0,102452,102196,0,255,256,65536,1226752,384,0,127,262016,8,0,0,0,0,0,0,0,0,0,0,0,0,0,2658,0,1505,122,975,5363,0,147,51,4,0,639,23129,4508,0,0,1616,347,542,381,602,803,955
657,60563,60239351,0,0,0,24896,1030,250,61601,59717,0,0,123249,9990,8365972,0,0,0,0,2208,97,4078041,50,117,0,0,0,0,0,0,1,114791,5801,0,704,5147,0,0,0,0,0,302,2826,0,0,0,0,0,0,0,0,0,0,0,0,0,0,0,160169,42623,117546,93458,236471,227006,0,226800,0,0,0,0,0,0,191717,0,23914,184028,227006,57368,103699,0,225698,30931,0,74132,227006,0,227006,23690,0,0,0,0,0,0,206,0,0,731,150895,0,0,1308,0,0,0,0,47758,5040,2924,0,0,1308,513,0,7401,5232,2038,0,0,0,0,0,0,0,16,0,1842,0,0,0,2371,0,42978,0,144158,31700,1056,4743,0,93592,134,0,66711,0,93458,0,160303,66711,93592,93458,93203,93592,0,0,0,134,0,160169,0,0,0,160169,42623,0,116956,0,0,0,37,473,80,0,0,0,0,102488,102232,0,255,256,65536,1226752,384,0,127,262016,8,0,0,0,0,0,0,0,0,0,0,0,0,0,2502,0,1484,122,903,5531,0,188,56,4,0,588,22680,4362,0,0,1549,331,513,364,579,887,914
658,58236,60263720,0,0,0,25791,1192,254,63146,61266,0,0,123315,9990,8365972,0,0,0,0,2193,97,4078041,30,117,0,0,0,0,0,0,1,114814,5801,0,704,5147,0,0,0,0,0,302,2826,0,0,0,0,0,0,0,0,0,0,0,0,0,0,0,160343,42756,117587,93489,236740,227260,0,227054,0,0,0,0,0,0,191930,0,23952,184225,227260,57431,103861,0,225950,30949,0,74197,227260,0,227260,23775,0,0,0,0,0,0,206,0,0,732,151001,0,0,1310,0,0,0,0,47865,5050,2930,0,0,1310,513,0,7403,5240,2038,0,0,0,0,0,0,0,16,0,1852,0,0,0,2381,0,43035,0,144260,31779,1056,4749,0,93623,134,0,66854,0,93489,0,160477,66854,93623,93489,93234,93623,0,0,0,134,0,160343,0,0,0,160343,42756,0,116997,0,0,0,37,473,80,0,0,0,0,102529,102273,0,255,256,65536,1226752,384,0,127,262016,8,0,0,0,0,0,0,0,0,0,0,0,0,0,2564,0,1553,118,998,5583,0,151,47,3,0,663,23966,4595,0,0,1627,354,552,392,625,846,991
659,61062,60287634,0,0,0,25785,1068,254,63146,61266,0,0,123380,9990,8365972,0,0,0,0,1440,97,4078041,29,117,0,0,0,0,0,0,1,114836,5801,0,704,5147,0,0,0,0,0,302,2826,0,0,0,0,0,0,0,0,0,0,0,0,0,0,0,160517,42890,117627,93520,237009,227514,0,227308,0,0,0,0,0,0,192143,0,23990,184422,227514,57494,104023,0,226202,30967,0,74262,227514,0,227514,23860,0,0,0,0,0,0,206,0,0,733,151107,0,0,1312,0,0,0,0,47972,5060,2936,0,0,1312,513,0,7405,5248,2038,0,0,0,0,0,0,0,16,0,1862,0,0,0,2391,0,43092,0,144362,31858,1056,4755,0,93654,134,0,66997,0,93520,0,160651,66997,93654,93520,93265,93654,0,0,0,134,0,160517,0,0,0,160517,42890,0,117037,0,0,0,37,473,80,0,0,0,0,102569,102313,0,255,256,65536,1226752,384,0,127,262016,8,0,0,0,0,0,0,0,0,0,0,0,0,0,2540,0,1579,119,958,5704,0,144,50,3,0,617,23615,4545,0,0,1597,350,538,381,602,820,931
660,92240,60312065,0,0,0,26534,1063,254,63146,61266,0,0,123445,9990,8365972,0,0,0,0,2400,97,4078041,32,117,0,0,0,0,0,0,1,114858,5801,0,704,5147,0,0,0,0,0,302,2826,0,0,0,0,0,0,0,0,0,0,0,0,0,0,0,160691,43024,117667,93551,237278,227768,0,227562,0,0,0,0,0,0,192356,0,24028,184619,227768,57557,104185,0,226454,30985,0,74327,227768,0,227768,23945,0,0,0,0,0,0,206,0,0,734,151213,0,0,1314,0,0,0,0,48079,5070,2942,0,0,1314,513,0,7407,5256,2038,0,0,0,0,0,0,0,16,0,1872,0,0,0,2401,0,43149,0,144464,31937,1056,4761,0,93685,134,0,67140,0,93551,0,160825,67140,93685,93551,93296,93685,0,0,0,134,0,160691,0,0,0,160691,43024,0,117077,0,0,0,37,473,80,0,0,0,0,102609,102353,0,255,256,65536,1226752,384,0,127,262016,8,0,0,0,0,0,0,0,0,0,0,0,0,0,2511,0,1626,118,959,6563,0,32172,50,4,0,616,24196,4532,0,0,1602,348,569,379,592,829,925
661,70757,60335658,0,0,0,25536,33077,254,63146,61266,0,0,123509,9990,8365972,0,0,0,0,1726,97,4078041,33,117,0,0,0,0,0,0,1,114878,5801,0,704,5147,0,0,0,0,0,302,2826,0,0,0,0,0,0,0,0,0,0,0,0,0,0,0,160865,43159,117706,93582,237547,228022,0,227816,0,0,0,0,0,0,192569,0,24066,184816,228022,57620,104347,0,226706,31003,0,74392,228022,0,228022,24030,0,0,0,0,0,0,206,0,0,735,151319,0,0,1316,0,0,0,0,48186,5080,2948,0,0,1316,513,0,7409,5264,2038,0,0,0,0,0,0,0,16,0,1882,0,0,0,2411,0,43206,0,144566,32016,1056,4767,0,93716,134,0,67283,0,93582,0,160999,67283,93716,93582,93327,93716,0,0,0,134,0,160865,0,0,0,160865,43159,0,117116,0,0,0,37,473,80,0,0,0,0,102648,102392,0,255,256,65536,1226752,384,0,127,262016,8,0,0,0,0,0,0,0,0,0,0,0,0,0,2529,0,1556,119,991,5731,0,177,49,3,0,607,23386,4515,0,0,1606,354,543,376,587,840,959
662,58204,60359459,0,0,0,25837,1092,254,63146,61266,0,0,123574,9990,8365972,0,0,0,0,1968,97,4078041,47,117,0,0,0,0,0,0,1,114899,5801,0,704,5147,0,0,0,0,0,302,2826,0,0,0,0,0,0,0,0,0,0,0,0,0,0,0,161039,43293,117746,93613,237816,228276,0,228070,0,0,0,0,0,0,192782,0,24104,185013,228276,57683,104509,0,226958,31021,0,74457,228276,0,228276,24115,0,0,0,0,0,0,206,0,0,736,151425,0,0,1318,0,0,0,0,48293,5090,2954,0,0,1318,513,0,7411,5272,2038,0,0,0,0,0,0,0,16,0,1892,0,0,0,2421,0,43263,0,144668,32095,1056,4773,0,93747,134,0,67426,0,93613,0,161173,67426,93747,93613,93358,93747,0,0,0,134,0,161039,0,0,0,161039,43293,0,117156,0,0,0,37,473,80,0,0,0,0,102688,102432,0,255,256,65536,1226752,384,0,127,262016,8,0,0,0,0,0,0,0,0,0,0,0,0,0,2573,0,1527,122,995,5673,0,175,53,3,0,625,23389,4582,0,0,1621,349,545,373,622,845,928
663,61513,60383267,0,0,0,26014,1057,254,63146,61266,0,0,123637,9990,8365972,0,0,0,0,1879,97,4078041,30,117,0,0,0,0,0,0,1,114922,5801,0,704,5147,0,0,0,0,0,302,2826,0,0,0,0,0,0,0,0,0,0,0,0,0,0,0,161213,43429,117784,93644,238085,228530,0,228324,0,0,0,0,0,0,192995,0,24142,185210,228530,57746,104671,0,227210,31039,0,74522,228530,0,228530,24200,0,0,0,0,0,0,206,0,0,737,151531,0,0,1320,0,0,0,0,48400,5100,2960,0,0,1320,513,0,7413,5280,2038,0,0,0,0,0,0,0,16,0,1902,0,0,0,2431,0,43320,0,144770,32174,1056,4779,0,93778,134,0,67569,0,93644,0,161347,67569,93778,93644,93389,93778,0,0,0,134,0,161213,0,0,0,161213,43429,0,117194,0,0,0,37,473,80,0,0,0,0,102726,102470,0,255,256,65536,1226752,384,0,127,262016,8,0,0,0,0,0,0,0,0,0,0,0,0,0,2570,0,1526,122,958,5619,0,147,53,3,0,595,23242,4542,0,0,1617,343,548,395,585,845,940
664,57357,60406609,0,0,0,25675,1027,254,63146,61266,0,0,123698,9990,8365972,0,0,0,0,1654,97,4078041,31,117,0,0,0,0,0,0,1,114945,5801,0,704,5147,0,0,0,0,0,302,2826,0,0,0,0,0,0,0,0,0,0,0,0,0,0,0,161387,43567,117820,93675,238354,228784,0,228578,0,0,0,0,0,0,193208,0,24180,185407,228784,57809,104833,0,227462,31057,0,74587,228784,0,228784,24285,0,0,0,0,0,0,206,0,0,738,151637,0,0,1322,0,0,0,0,48507,5110,2966,0,0,1322,513,0,7415,5288,2038,0,0,0,0,0,0,0,16,0,1912,0,0,0,2441,0,43377,0,144872,32253,1056,4785,0,93809,134,0,67712,0,93675,0,161521,67712,93809,93675,93420,93809,0,0,0,134,0,161387,0,0,0,161387,43567,0,117230,0,0,0,37,473,80,0,0,0,0,102762,102506,0,255,256,65536,1226752,384,0,127,262016,8,0,0,0,0,0,0,0,0,0,0,0,0,0,2497,0,1531,123,934,5960,0,162,54,4,0,575,23257,4438,0,0,1585,335,524,368,573,818,950
665,62901,60430305,0,0,0,25957,1042,254,63146,61266,0,0,123760,9990,8365972,0,0,0,0,1965,97,4078041,30,117,0,0,0,0,0,0,1,114968,5801,0,704,5147,0,0,0,0,0,302,2826,0,0,0,0,0,0,0,0,0,0,0,0,0,0,0,161561,43704,117857,93706,238623,229038,0,228832,0,0,0,0,0,0,193421,0,24218,185604,229038,57872,104995,0,227714,31075,0,74652,229038,0,229038,24370,0,0,0,0,0,0,206,0,0,739,151743,0,0,1324,0,0,0,0,48614,5120,2972,0,0,1324,513,0,7417,5296,2038,0,0,0,0,0,0,0,16,0,1922,0,0,0,2451,0,43434,0,144974,32332,1056,4791,0,93840,134,0,67855,0,93706,0,161695,67855,93840,93706,93451,93840,0,0,0,134,0,161561,0,0,0,161561,43704,0,117267,0,0,0,37,473,80,0,0,0,0,102799,102543,0,255,256,65536,1226752,384,0,127,262016,8,0,0,0,0,0,0,0,0,0,0,0,0,0,2509,0,1520,131,949,5892,0,159,50,4,0,600,23392,4496,0,0,1619,347,520,404,578,825,937
666,57743,60453730,0,0,0,25667,1126,254,63146,61266,0,0,123824,9990,8365972,0,0,0,0,1528,97,4078041,30,117,0,0,0,0,0,0,1,114986,5801,0,704,5147,0,0,0,0,0,302,2826,0,0,0,0,0,0,0,0,0,0,0,0,0,0,0,161735,43839,117896,93737,238892,229292,0,229086,0,0,0,0,0,0,193634,0,24256,185801,229292,57935,105157,0,227966,31093,0,74717,229292,0,229292,24455,0,0,0,0,0,0,206,0,0,740,151849,0,0,1326,0,0,0,0,48721,5130,2978,0,0,1326,513,0,7419,5304,2038,0,0,0,0,0,0,0,16,0,1932,0,0,0,2461,0,43491,0,145076,32411,1056,4797,0,93871,134,0,67998,0,93737,0,161869,67998,93871,93737,93482,93871,0,0,0,134,0,161735,0,0,0,161735,43839,0,117306,0,0,0,37,473,80,0,0,0,0,102838,102582,0,255,256,65536,1226752,384,0,127,262016,8,0,0,0,0,0,0,0,0,0,0,0,0,0,2574,0,1568,122,954,5603,0,143,52,2,0,597,23251,4514,0,0,1562,335,544,371,603,824,941
667,61196,60477143,0,0,0,25585,1028,253,63046,61166,0,0,123887,9990,8365972,0,0,0,0,2331,97,4078041,31,117,0,0,0,0,0,0,1,115009,5801,0,704,5147,0,0,0,0,0,302,2826,0,0,0,0,0,0,0,0,0,0,0,0,0,0,0,161908,43974,117934,93767,239160,229545,0,229339,0,0,0,0,0,0,193846,0,24294,185997,229545,57998,105319,0,228217,31111,0,74782,229545,0,229545,24540,0,0,0,0,0,0,206,0,0,741,151954,0,0,1328,0,0,0,0,48828,5140,2984,0,0,1328,513,0,7421,5312,2038,0,0,0,0,0,0,0,16,0,1942,0,0,0,2471,0,43548,0,145178,32490,1056,4802,0,93901,134,0,68141,0,93767,0,162042,68141,93901,93767,93512,93901,0,0,0,134,0,161908,0,0,0,161908,43974,0,117344,0,0,0,37,473,80,0,0,0,0,102876,102620,0,255,256,65536,1226752,384,0,127,262016,8,0,0,0,0,0,0,0,0,0,0,0,0,0,2510,0,1533,121,949,5730,0,167,45,13,0,628,23156,4488,0,0,1585,350,556,383,580,823,964
668,58308,60501151,0,0,0,25737,1054,253,63046,61166,0,0,123950,9990,8365972,0,0,0,0,2179,97,4078041,29,117,0,0,0,0,0,0,1,115031,5801,0,704,5147,0,0,0,0,0,302,2826,0,0,0,0,0,0,0,0,0,0,0,0,0,0,0,162081,44109,117972,93797,239428,229798,0,229592,0,0,0,0,0,0,194058,0,24332,186193,229798,58061,105481,0,228468,31129,0,74847,229798,0,229798,24625,0,0,0,0,0,0,206,0,0,742,152059,0,0,1330,0,0,0,0,48935,5150,2990,0,0,1330,513,0,7423,5320,2038,0,0,0,0,0,0,0,16,0,1952,0,0,0,2481,0,43605,0,145280,32569,1056,4807,0,93931,134,0,68284,0,93797,0,162215,68284,93931,93797,93542,93931,0,0,0,134,0,162081,0,0,0,162081,44109,0,117382,0,0,0,37,473,80,0,0,0,0,102914,102658,0,255,256,65536,1226752,384,0,127,262016,8,0,0,0,0,0,0,0,0,0,0,0,0,0,2535,0,1557,129,997,5669,0,144,50,3,0,620,23494,4617,0,0,1626,361,566,384,600,844,984
669,60458,60524513,0,0,0,25158,1048,253,63046,61166,0,0,124014,9990,8365972,0,0,0,0,1458,97,4078041,56,117,0,0,0,0,0,0,1,115054,5801,0,704,5147,0,0,0,0,0,302,2826,0,0,0,0,0,0,0,0,0,0,0,0,0,0,0,162254,44243,118011,93827,239696,230051,0,229845,0,0,0,0,0,0,194270,0,24370,186389,230051,58124,105643,0,228719,31147,0,74912,230051,0,230051,24710,0,0,0,0,0,0,206,0,0,743,152164,0,0,1332,0,0,0,0,49042,5160,2996,0,0,1332,513,0,7425,5328,2038,0,0,0,0,0,0,0,16,0,1962,0,0,0,2491,0,43662,0,145382,32648,1056,4812,0,93961,134,0,68427,0,93827,0,162388,68427,93961,93827,93572,93961,0,0,0,134,0,162254,0,0,0,162254,44243,0,117421,0,0,0,37,473,80,0,0,0,0,102953,102697,0,255,256,65536,1226752,384,0,127,262016,8,0,0,0,0,0,0,0,0,0,0,0,0,0,2525,0,1532,118,939,5673,0,196,50,5,0,613,23123,4459,0,0,1586,345,531,376,597,820,934
670,72726,60548345,0,0,0,25672,1101,253,63046,61166,0,0,124080,9990,8365972,0,0,0,0,2011,97,4078041,31,117,0,0,0,0,0,0,1,115075,5801,0,704,5147,0,0,0,0,0,302,2826,0,0,0,0,0,0,0,0,0,0,0,0,0,0,0,162427,44375,118052,93857,239964,230304,0,230098,0,0,0,0,0,0,194482,0,24408,186585,230304,58187,105805,0,228970,31165,0,74977,230304,0,230304,24795,0,0,0,0,0,0,206,0,0,744,152269,0,0,1334,0,0,0,0,49149,5170,3002,0,0,1334,513,0,7427,5336,2038,0,0,0,0,0,0,0,16,0,1972,0,0,0,2501,0,43719,0,145484,32727,1056,4817,0,93991,134,0,68570,0,93857,0,162561,68570,93991,93857,93602,93991,0,0,0,134,0,162427,0,0,0,162427,44375,0,117462,0,0,0,37,473,80,0,0,0,0,102994,102738,0,255,256,65536,1226752,384,0,127,262016,8,0,0,0,0,0,0,0,0,0,0,0,0,0,2529,0,1521,121,993,5480,0,150,44,3,0,638,23329,4614,0,0,1603,346,550,383,605,847,936
671,61526,60572228,0,0,0,25808,1067,255,63682,61802,0,0,124146,9990,8365972,0,0,0,0,1448,97,4078041,32,117,0,0,0,0,0,0,1,115098,5801,0,704,5147,0,0,0,0,0,302,2826,0,0,0,0,0,0,0,0,0,0,0,0,0,0,0,162602,44509,118093,93887,240234,230559,0,230353,0,0,0,0,0,0,194696,0,24446,186783,230559,58250,105969,0,229223,31184,0,75044,230559,0,230559,24880,0,0,0,0,0,0,206,0,0,745,152376,0,0,1336,0,0,0,0,49256,5180,3008,0,0,1336,513,0,7429,5344,2038,0,0,0,0,0,0,0,16,0,1982,0,0,0,2511,0,43776,0,145588,32806,1056,4822,0,94021,134,0,68715,0,93887,0,162736,68715,94021,93887,93632,94021,0,0,0,134,0,162602,0,0,0,162602,44509,0,117503,0,0,0,37,473,80,0,0,0,0,103035,102779,0,255,256,65536,1226752,384,0,127,262016,8,0,0,0,0,0,0,0,0,0,0,0,0,0,2622,0,1555,119,1026,5548,0,159,46,4,0,633,23495,4551,0,0,1627,355,552,378,619,890,979
672,59105,60597261,0,0,0,26556,1042,256,63714,61834,0,0,124214,9990,8365972,0,0,0,0,1915,97,4078041,48,117,0,0,0,0,0,0,1,115119,5801,0,704,5147,0,0,0,0,0,302,2826,0,0,0,0,0,0,0,0,0,0,0,0,0,0,0,162778,44642,118136,93919,240505,230815,0,230609,0,0,0,0,0,0,194911,0,24484,186982,230815,58313,106133,0,229477,31203,0,75111,230815,0,230815,24965,0,0,0,0,0,0,206,0,0,746,152484,0,0,1338,0,0,0,0,49363,5190,3014,0,0,1338,513,0,7431,5352,2038,0,0,0,0,0,0,0,16,0,1992,0,0,0,2521,0,43833,0,145693,32885,1056,4827,0,94053,134,0,68859,0,93919,0,162912,68859,94053,93919,93664,94053,0,0,0,134,0,162778,0,0,0,162778,44642,0,117546,0,0,0,37,473,80,0,0,0,0,103078,102822,0,255,256,65536,1226752,384,0,127,262016,8,0,0,0,0,0,0,0,0,0,0,0,0,0,2523,0,1563,123,1067,6156,0,182,53,3,0,669,24582,4760,0,0,1657,361,608,384,627,840,995
673,62928,60621762,0,0,0,26006,1072,256,63714,61834,0,0,124285,9990,8365972,0,0,0,0,1942,97,4078041,31,117,0,0,0,0,0,0,1,115141,5801,0,704,5147,0,0,0,0,0,302,2826,0,0,0,0,0,0,0,0,0,0,0,0,0,0,0,162954,44772,118182,93954,240776,231071,0,230865,0,0,0,0,0,0,195126,0,24522,187181,231071,58376,106297,0,229731,31222,0,75178,231071,0,231071,25050,0,0,0,0,0,0,206,0,0,747,152592,0,0,1340,0,0,0,0,49470,5200,3020,0,0,1340,513,0,7433,5360,2038,0,0,0,0,0,0,0,16,0,2002,0,0,0,2531,0,43890,0,145798,32964,1056,4832,0,94088,134,0,69000,0,93954,0,163088,69000,94088,93954,93699,94088,0,0,0,134,0,162954,0,0,0,162954,44772,0,117592,0,0,0,37,473,80,0,0,0,0,103124,102868,0,255,256,65536,1226752,384,0,127,262016,8,0,0,0,0,0,0,0,0,0,0,0,0,0,2548,0,1528,126,1042,5781,0,154,49,3,0,678,23882,4640,0,0,1641,350,571,407,628,835,942
674,69941,60646204,0,0,0,26131,1028,257,63821,61941,0,0,124353,9990,8365972,0,0,0,0,1685,97,4078041,31,117,0,0,0,0,0,0,1,115163,5801,0,704,5147,0,0,0,0,0,302,2826,0,0,0,0,0,0,0,0,0,0,0,0,0,0,0,163131,44906,118225,93990,241048,231328,0,231122,0,0,0,0,0,0,195342,0,24560,187381,231328,58439,106461,0,229986,31241,0,75245,231328,0,231328,25135,0,0,0,0,0,0,206,0,0,748,152700,0,0,1342,0,0,0,0,49578,5210,3026,0,0,1342,513,0,7435,5368,2038,0,0,0,0,0,0,0,16,0,2012,0,0,0,2541,0,43947,0,145904,33043,1056,4837,0,94124,134,0,69141,0,93990,0,163265,69141,94124,93990,93735,94124,0,0,0,134,0,163131,0,0,0,163131,44906,0,117635,0,0,0,37,473,80,0,0,0,0,103167,102911,0,255,256,65536,1226752,384,0,127,262016,8,0,0,0,0,0,0,0,0,0,0,0,0,0,2484,0,1558,145,1040,5943,0,166,50,4,0,657,23966,4611,0,0,1639,345,546,378,644,839,972
675,63536,60670824,0,0,0,26561,1044,259,63829,61941,0,0,124420,9990,8365972,0,0,0,0,1854,97,4078041,31,117,0,0,0,0,0,0,1,115185,5801,0,704,5147,0,0,0,0,0,302,2826,0,0,0,0,0,0,0,0,0,0,0,0,0,0,0,163308,45041,118267,94025,241322,231587,0,231381,0,0,0,0,0,0,195558,0,24600,187581,231587,58504,106627,0,230243,31260,0,75312,231587,0,231587,25220,0,0,0,0,0,0,206,0,0,749,152808,0,0,1344,0,0,0,0,49686,5220,3032,0,0,1344,513,0,7439,5376,2038,0,0,0,0,0,0,0,16,0,2022,0,0,0,2551,0,44006,0,146010,33122,1056,4842,0,94159,134,0,69283,0,94025,0,163442,69283,94159,94025,93770,94159,0,0,0,134,0,163308,0,0,0,163308,45041,0,117677,0,0,0,37,473,80,0,0,0,0,103209,102953,0,255,256,65536,1226752,384,0,127,262016,8,0,0,0,0,0,0,0,0,0,0,0,0,0,2563,0,1560,132,992,6020,0,162,52,3,0,638,24178,4635,0,0,1635,344,553,383,633,839,949
676,65348,60695410,0,0,0,26287,1040,259,63837,61941,0,0,124489,9990,8365972,0,0,0,0,1927,97,4078041,32,117,0,0,0,0,0,0,1,115207,5801,0,704,5147,0,0,0,0,0,302,2826,0,0,0,0,0,0,0,0,0,0,0,0,0,0,0,163485,45174,118311,94060,241596,231846,0,231640,0,0,0,0,0,0,195774,0,24640,187781,231846,58569,106793,0,230500,31279,0,75379,231846,0,231846,25305,0,0,0,0,0,0,206,0,0,750,152916,0,0,1346,0,0,0,0,49794,5230,3038,0,0,1346,513,0,7443,5384,2038,0,0,0,0,0,0,0,16,0,2032,0,0,0,2561,0,44065,0,146116,33201,1056,4847,0,94194,134,0,69425,0,94060,0,163619,69425,94194,94060,93805,94194,0,0,0,134,0,163485,0,0,0,163485,45174,0,117721,0,0,0,37,473,80,0,0,0,0,103253,102997,0,255,256,65536,1226752,384,0,127,262016,8,0,0,0,0,0,0,0,0,0,0,0,0,0,2556,0,1569,131,1015,5878,0,165,58,3,0,665,24078,4728,0,0,1710,372,585,401,664,859,938
677,67279,60719685,0,0,0,26684,1046,259,63841,61941,0,0,124554,9990,8365972,0,0,0,0,1777,97,4078041,30,117,0,0,0,0,0,0,1,115230,5801,0,704,5147,0,0,0,0,0,302,2826,0,0,0,0,0,0,0,0,0,0,0,0,0,0,0,163662,45311,118351,94095,241870,232105,0,231899,0,0,0,0,0,0,195990,0,24680,187981,232105,58634,106959,0,230757,31298,0,75446,232105,0,232105,25390,0,0,0,0,0,0,206,0,0,751,153024,0,0,1348,0,0,0,0,49902,5240,3044,0,0,1348,513,0,7447,5392,2038,0,0,0,0,0,0,0,16,0,2042,0,0,0,2571,0,44124,0,146222,33280,1056,4852,0,94229,134,0,69567,0,94095,0,163796,69567,94229,94095,93840,94229,0,0,0,134,0,163662,0,0,0,163662,45311,0,117761,0,0,0,37,473,80,0,0,0,0,103293,103037,0,255,256,65536,1226752,384,0,127,262016,8,0,0,0,0,0,0,0,0,0,0,0,0,0,2554,0,1595,133,959,5989,0,163,47,5,0,622,23937,4634,0,0,1651,353,547,389,610,861,943
678,59677,60744926,0,0,0,26470,1039,259,63849,61941,0,0,124624,9990,8365972,0,0,0,0,1933,97,4078041,29,117,0,0,0,0,0,0,1,115252,5801,0,704,5147,0,0,0,0,0,302,2826,0,0,0,0,0,0,0,0,0,0,0,0,0,0,0,163839,45443,118396,94130,242144,232364,0,232158,0,0,0,0,0,0,196206,0,24720,188181,232364,58699,107125,0,231014,31317,0,75513,232364,0,232364,25475,0,0,0,0,0,0,206,0,0,752,153132,0,0,1350,0,0,0,0,50010,5250,3050,0,0,1350,513,0,7451,5400,2038,0,0,0,0,0,0,0,16,0,2052,0,0,0,2581,0,44183,0,146328,33359,1056,4857,0,94264,134,0,69709,0,94130,0,163973,69709,94264,94130,93875,94264,0,0,0,134,0,163839,0,0,0,163839,45443,0,117806,0,0,0,37,473,80,0,0,0,0,103338,103082,0,255,256,65536,1226752,384,0,127,262016,8,0,0,0,0,0,0,0,0,0,0,0,0,0,2636,0,1561,160,1109,5643,0,147,51,4,0,694,24683,4972,0,0,1850,381,578,512,635,866,1049
679,62920,60771174,0,0,0,27014,1021,264,64518,62590,0,0,124703,9990,8365972,0,0,0,0,1241,97,4078041,30,117,0,0,0,0,0,0,1,115274,5801,0,704,5147,0,0,0,0,0,302,2826,0,0,0,0,0,0,0,0,0,0,0,0,0,0,0,164019,45569,118450,94166,242423,232628,0,232422,0,0,0,0,0,0,196427,0,24760,188386,232628,58766,107291,0,231276,31336,0,75580,232628,0,232628,25560,0,0,0,0,0,0,206,0,0,753,153241,0,0,1352,0,0,0,0,50122,5260,3056,0,0,1352,513,0,7455,5408,2038,0,0,0,0,0,0,0,16,0,2062,0,0,0,2591,0,44242,0,146439,33438,1056,4862,0,94300,134,0,69853,0,94166,0,164153,69853,94300,94166,93911,94300,0,0,0,134,0,164019,0,0,0,164019,45569,0,117860,0,0,0,37,473,80,0,0,0,0,103392,103136,0,255,256,65536,1226752,384,0,127,262016,8,0,0,0,0,0,0,0,0,0,0,0,0,0,2654,0,1615,134,1137,5747,0,161,55,5,0,760,25094,4934,0,0,1732,382,619,402,692,843,956
680,59623,60797065,0,0,0,26828,1086,264,64514,62590,0,0,124779,9990,8365972,0,0,0,0,1556,97,4078041,30,117,0,0,0,0,0,0,1,115294,5801,0,704,5147,0,0,0,0,0,302,2826,0,0,0,0,0,0,0,0,0,0,0,0,0,0,0,164199,45698,118501,94206,242702,232892,0,232686,0,0,0,0,0,0,196648,0,24800,188591,232892,58833,107457,0,231538,31355,0,75647,232892,0,232892,25645,0,0,0,0,0,0,206,0,0,754,153350,0,0,1354,0,0,0,0,50234,5270,3062,0,0,1354,513,0,7459,5416,2038,0,0,0,0,0,0,0,16,0,2072,0,0,0,2601,0,44301,0,146550,33517,1056,4867,0,94340,134,0,69993,0,94206,0,164333,69993,94340,94206,93951,94340,0,0,0,134,0,164199,0,0,0,164199,45698,0,117911,0,0,0,37,473,80,0,0,0,0,103443,103187,0,255,256,65536,1226752,384,0,127,262016,8,0,0,0,0,0,0,0,0,0,0,0,0,0,2777,0,1592,141,1180,5881,0,144,57,3,0,727,25168,4942,0,0,1744,360,627,468,660,862,1007
681,62975,60822534,0,0,0,26523,1167,264,64514,62590,0,0,124853,9990,8365972,0,0,0,0,2147,97,4078041,32,117,0,0,0,0,0,0,1,115316,5801,0,704,5147,0,0,0,0,0,302,2826,0,0,0,0,0,0,0,0,0,0,0,0,0,0,0,164379,45829,118550,94246,242981,233156,0,232950,0,0,0,0,0,0,196869,0,24840,188796,233156,58900,107623,0,231800,31374,0,75714,233156,0,233156,25730,0,0,0,0,0,0,206,0,0,755,153459,0,0,1356,0,0,0,0,50346,5280,3068,0,0,1356,513,0,7463,5424,2038,0,0,0,0,0,0,0,16,0,2082,0,0,0,2611,0,44360,0,146661,33596,1056,4872,0,94380,134,0,70133,0,94246,0,164513,70133,94380,94246,93991,94380,0,0,0,134,0,164379,0,0,0,164379,45829,0,117960,0,0,0,37,473,80,0,0,0,0,103492,103236,0,255,256,65536,1226752,384,0,127,262016,8,0,0,0,0,0,0,0,0,0,0,0,0,0,2619,0,1583,130,1091,5901,0,176,52,4,0,689,24836,5002,0,0,1685,366,653,395,785,841,946
682,59355,60848659,0,0,0,26860,1074,264,64518,62590,0,0,124933,9990,8365972,0,0,0,0,2037,97,4078041,29,117,0,0,0,0,0,0,1,115338,5801,0,704,5147,0,0,0,0,0,302,2826,0,0,0,0,0,0,0,0,0,0,0,0,0,0,0,164559,45954,118605,94286,243260,233420,0,233214,0,0,0,0,0,0,197090,0,24880,189001,233420,58967,107789,0,232062,31393,0,75781,233420,0,233420,25815,0,0,0,0,0,0,206,0,0,756,153568,0,0,1358,0,0,0,0,50458,5290,3074,0,0,1358,513,0,7467,5432,2038,0,0,0,0,0,0,0,16,0,2092,0,0,0,2621,0,44419,0,146772,33675,1056,4877,0,94420,134,0,70273,0,94286,0,164693,70273,94420,94286,94031,94420,0,0,0,134,0,164559,0,0,0,164559,45954,0,118015,0,0,0,37,473,80,0,0,0,0,103547,103291,0,255,256,65536,1226752,384,0,127,262016,8,0,0,0,0,0,0,0,0,0,0,0,0,0,2744,0,1547,161,1147,5770,0,148,55,4,0,790,25266,4912,0,0,1698,380,629,402,688,918,939
683,62709,60874629,0,0,0,26543,1045,264,64518,62590,0,0,125011,9990,8365972,0,0,0,0,1715,97,4078041,30,117,0,0,0,0,0,0,1,115359,5801,0,704,5147,0,0,0,0,0,302,2826,0,0,0,0,0,0,0,0,0,0,0,0,0,0,0,164739,46081,118658,94326,243539,233684,0,233478,0,0,0,0,0,0,197311,0,24920,189206,233684,59034,107955,0,232324,31412,0,75848,233684,0,233684,25900,0,0,0,0,0,0,206,0,0,757,153677,0,0,1360,0,0,0,0,50570,5300,3080,0,0,1360,513,0,7471,5440,2038,0,0,0,0,0,0,0,16,0,2102,0,0,0,2631,0,44478,0,146883,33754,1056,4882,0,94460,134,0,70413,0,94326,0,164873,70413,94460,94326,94071,94460,0,0,0,134,0,164739,0,0,0,164739,46081,0,118068,0,0,0,37,473,80,0,0,0,0,103600,103344,0,255,256,65536,1226752,384,0,127,262016,8,0,0,0,0,0,0,0,0,0,0,0,0,0,2745,0,1581,156,1159,5742,0,150,57,3,0,749,25077,4931,0,0,1752,386,615,416,684,863,946
684,59433,60900867,0,0,0,26711,1027,264,64514,62590,0,0,125092,9990,8365972,0,0,0,0,1602,97,4078041,32,117,0,0,0,0,0,0,1,115381,5801,0,704,5147,0,0,0,0,0,302,2826,0,0,0,0,0,0,0,0,0,0,0,0,0,0,0,164919,46205,118714,94366,243818,233948,0,233742,0,0,0,0,0,0,197532,0,24960,189411,233948,59101,108121,0,232586,31431,0,75915,233948,0,233948,25985,0,0,0,0,0,0,206,0,0,758,153786,0,0,1362,0,0,0,0,50682,5310,3086,0,0,1362,513,0,7475,5448,2038,0,0,0,0,0,0,0,16,0,2112,0,0,0,2641,0,44537,0,146994,33833,1056,4887,0,94500,134,0,70553,0,94366,0,165053,70553,94500,94366,94111,94500,0,0,0,134,0,164919,0,0,0,164919,46205,0,118124,0,0,0,37,473,80,0,0,0,0,103656,103400,0,255,256,65536,1226752,384,0,127,262016,8,0,0,0,0,0,0,0,0,0,0,0,0,0,2647,0,1557,130,1157,5903,0,163,54,3,0,838,25267,4983,0,0,1737,390,629,410,666,852,942
685,65047,60927748,0,0,0,27381,1095,268,64706,62786,0,0,125175,9990,8365972,0,0,0,0,2079,97,4078041,32,117,0,0,0,0,0,0,1,115403,5801,0,704,5147,0,0,0,0,0,302,2826,0,0,0,0,0,0,0,0,0,0,0,0,0,0,0,165103,46331,118772,94410,244101,234216,0,234010,0,0,0,0,0,0,197757,0,25000,189620,234216,59168,108287,0,232852,31452,0,75986,234216,0,234216,26070,0,0,0,0,0,0,206,0,0,759,153899,0,0,1364,0,0,0,0,50794,5320,3092,0,0,1364,513,0,7479,5456,2038,0,0,0,0,0,0,0,16,0,2122,0,0,0,2651,0,44596,0,147109,33912,1056,4892,0,94544,134,0,70693,0,94410,0,165237,70693,94544,94410,94155,94544,0,0,0,134,0,165103,0,0,0,165103,46331,0,118182,0,0,0,37,473,80,0,0,0,0,103714,103458,0,255,256,65536,1226752,384,0,127,262016,8,0,0,0,0,0,0,0,0,0,0,0,0,0,2649,0,1602,136,1185,6029,0,164,49,5,0,817,25767,5079,0,0,1822,413,652,421,721,877,946
686,61306,60953669,0,0,0,26862,1042,268,64706,62786,0,0,125250,9990,8365972,0,0,0,0,2057,97,4078041,30,117,0,0,0,0,0,0,1,115426,5801,0,704,5147,0,0,0,0,0,302,2826,0,0,0,0,0,0,0,0,0,0,0,0,0,0,0,165287,46465,118822,94450,244384,234484,0,234278,0,0,0,0,0,0,197982,0,25040,189829,234484,59235,108453,0,233118,31473,0,76057,234484,0,234484,26155,0,0,0,0,0,0,206,0,0,760,154012,0,0,1366,0,0,0,0,50906,5330,3098,0,0,1366,513,0,7483,5464,2038,0,0,0,0,0,0,0,16,0,2132,0,0,0,2661,0,44655,0,147224,33991,1056,4897,0,94584,134,0,70837,0,94450,0,165421,70837,94584,94450,94195,94584,0,0,0,134,0,165287,0,0,0,165287,46465,0,118232,0,0,0,37,473,80,0,0,0,0,103764,103508,0,255,256,65536,1226752,384,0,127,262016,8,0,0,0,0,0,0,0,0,0,0,0,0,0,2701,0,1699,137,1093,5811,0,150,55,3,0,726,25105,4938,0,0,1784,383,613,422,647,860,952
687,64837,60980921,0,0,0,27251,1036,268,64698,62786,0,0,125336,9990,8365972,0,0,0,0,1860,97,4078041,30,117,0,0,0,0,0,0,1,115448,5801,0,704,5147,0,0,0,0,0,302,2826,0,0,0,0,0,0,0,0,0,0,0,0,0,0,0,165471,46588,118883,94490,244667,234752,0,234546,0,0,0,0,0,0,198207,0,25080,190038,234752,59302,108619,0,233384,31494,0,76128,234752,0,234752,26240,0,0,0,0,0,0,206,0,0,761,154125,0,0,1368,0,0,0,0,51018,5340,3104,0,0,1368,513,0,7487,5472,2038,0,0,0,0,0,0,0,16,0,2142,0,0,0,2671,0,44714,0,147339,34070,1056,4902,0,94624,134,0,70981,0,94490,0,165605,70981,94624,94490,94235,94624,0,0,0,134,0,165471,0,0,0,165471,46588,0,118293,0,0,0,37,473,80,0,0,0,0,103825,103569,0,255,256,65536,1226752,384,0,127,262016,8,0,0,0,0,0,0,0,0,0,0,0,0,0,2685,0,1627,136,1243,5844,0,154,54,3,0,836,25919,5154,0,0,1847,409,667,427,722,854,947
688,60934,61007023,0,0,0,27190,1090,267,64682,62786,0,0,125413,9990,8365972,0,0,0,0,1502,97,4078041,49,117,0,0,0,0,0,0,1,115470,5801,0,704,5147,0,0,0,0,0,302,2826,0,0,0,0,0,0,0,0,0,0,0,0,0,0,0,165655,46720,118935,94530,244949,235019,0,234813,0,0,0,0,0,0,198432,0,25119,190247,235019,59368,108784,0,233649,31515,0,76199,235019,0,235019,26325,0,0,0,0,0,0,206,0,0,762,154238,0,0,1370,0,0,0,0,51130,5350,3110,0,0,1370,513,0,7490,5480,2038,0,0,0,0,0,0,0,16,0,2152,0,0,0,2681,0,44772,0,147454,34149,1056,4907,0,94664,134,0,71125,0,94530,0,165789,71125,94664,94530,94275,94664,0,0,0,134,0,165655,0,0,0,165655,46720,0,118345,0,0,0,37,473,80,0,0,0,0,103877,103621,0,255,256,65536,1226752,384,0,127,262016,8,0,0,0,0,0,0,0,0,0,0,0,0,0,2781,0,1698,127,1132,5801,0,163,49,3,0,729,25550,5047,0,0,1691,370,618,398,678,862,966
689,64747,61033994,0,0,0,27470,1209,269,64718,62786,0,0,125491,9990,8365972,0,0,0,0,2261,97,4078041,33,117,0,0,0,0,0,0,1,115492,5801,0,704,5147,0,0,0,0,0,302,2826,0,0,0,0,0,0,0,0,0,0,0,0,0,0,0,165839,46851,118988,94570,245233,235288,0,235082,0,0,0,0,0,0,198657,0,25160,190456,235288,59436,108951,0,233916,31536,0,76270,235288,0,235288,26410,0,0,0,0,0,0,206,0,0,763,154351,0,0,1372,0,0,0,0,51242,5360,3116,0,0,1372,513,0,7495,5488,2038,0,0,0,0,0,0,0,16,0,2162,0,0,0,2691,0,44832,0,147569,34228,1056,4912,0,94704,134,0,71269,0,94570,0,165973,71269,94704,94570,94315,94704,0,0,0,134,0,165839,0,0,0,165839,46851,0,118398,0,0,0,37,473,80,0,0,0,0,103930,103674,0,255,256,65536,1226752,384,0,127,262016,8,0,0,0,0,0,0,0,0,0,0,0,0,0,2760,0,1611,130,1152,6432,0,181,55,3,0,743,26141,5042,0,0,1793,404,638,418,700,912,1019
690,74027,61062483,0,0,0,27665,1099,282,70181,68201,0,0,125578,9990,8365972,0,0,0,0,2148,97,4078041,30,117,0,0,0,0,0,0,1,115514,5801,0,704,5147,0,0,0,0,0,302,2826,0,0,0,0,0,0,0,0,0,0,0,0,0,0,0,166032,46982,119050,94613,245531,235570,0,235364,0,0,0,0,0,0,198892,0,25205,190674,235570,59508,109131,0,234196,31557,0,76342,235570,0,235570,26504,0,0,0,0,0,0,206,0,0,764,154464,0,0,1374,0,0,0,0,51364,5370,3122,0,0,1374,513,0,7503,5496,2038,0,0,0,0,0,0,0,16,0,2172,0,0,0,2701,0,44896,0,147684,34316,1056,4917,0,94747,134,0,71419,0,94613,0,166166,71419,94747,94613,94358,94747,0,0,0,134,0,166032,0,0,0,166032,46982,0,118460,0,0,0,37,473,80,0,0,0,0,103992,103736,0,255,256,65536,1226752,384,0,127,262016,8,0,0,0,0,0,0,0,0,0,0,0,0,0,2858,0,1655,158,1320,6353,0,150,54,3,0,878,27177,5319,0,0,1828,410,711,423,719,931,1005
691,69964,61096677,0,0,0,30121,1031,285,70641,68655,0,0,125710,9990,8365972,0,0,0,0,1734,97,4078041,30,117,0,0,0,0,0,0,1,115536,5801,0,704,5147,0,0,0,0,0,302,2826,0,0,0,0,0,0,0,0,0,0,0,0,0,0,0,166227,47070,119157,94666,245832,235855,0,235649,0,0,0,0,0,0,199129,0,25251,190895,235855,59581,109314,0,234479,31579,0,76416,235855,0,235855,26598,0,0,0,0,0,0,206,0,0,765,154579,0,0,1376,0,0,0,0,51486,5380,3128,0,0,1376,513,0,7511,5504,2038,0,0,0,0,0,0,0,16,0,2183,0,0,0,2712,0,44960,0,147801,34404,1056,4922,0,94800,134,0,71561,0,94666,0,166361,71561,94800,94666,94411,94800,0,0,0,134,0,166227,0,0,0,166227,47070,0,118527,0,0,0,37,513,80,0,0,0,0,104059,103803,0,255,256,65536,1226752,384,0,127,262016,8,0,0,0,0,0,0,0,0,0,0,0,0,0,2951,0,1537,159,1962,6069,0,156,59,4,0,1419,30629,6553,0,0,2399,550,956,531,1046,892,1061
692,65346,61125843,0,0,0,28647,1030,284,70641,68655,0,0,125799,9990,8365972,0,0,0,0,1827,97,4078041,30,117,0,0,0,0,0,0,1,115558,5801,0,704,5147,0,0,0,0,0,302,2826,0,0,0,0,0,0,0,0,0,0,0,0,0,0,0,166422,47201,119221,94717,246132,236139,0,235933,0,0,0,0,0,0,199366,0,25296,191116,236139,59653,109496,0,234761,31601,0,76490,236139,0,236139,26692,0,0,0,0,0,0,206,0,0,766,154694,0,0,1378,0,0,0,0,51608,5390,3134,0,0,1378,513,0,7518,5512,2038,0,0,0,0,0,0,0,16,0,2194,0,0,0,2723,0,45023,0,147918,34492,1056,4927,0,94851,134,0,71705,0,94717,0,166556,71705,94851,94717,94462,94851,0,0,0,134,0,166422,0,0,0,166422,47201,0,118591,0,0,0,37,513,80,0,0,0,0,104123,103867,0,255,256,65536,1226752,384,0,127,262016,8,0,0,0,0,0,0,0,0,0,0,0,0,0,2877,0,1704,152,1311,6284,0,151,58,6,0,882,27644,5692,0,0,2095,445,739,471,727,910,994
693,67007,61155284,0,0,0,28736,1027,278,65514,63534,0,0,125892,9990,8365972,0,0,0,0,1804,97,4078041,31,117,0,0,0,0,0,0,1,115581,5801,0,704,5147,0,0,0,0,0,302,2826,0,0,0,0,0,0,0,0,0,0,0,0,0,0,0,166610,47323,119287,94767,246426,236417,0,236211,0,0,0,0,0,0,199597,0,25340,191331,236417,59726,109670,0,235037,31623,0,76564,236417,0,236417,26777,0,0,0,0,0,0,206,0,0,767,154813,0,0,1380,0,0,0,0,51721,5400,3140,0,0,1380,513,0,7524,5520,2038,0,0,0,0,0,0,0,16,0,2205,0,0,0,2734,0,45086,0,148038,34571,1056,4932,0,94901,134,0,71843,0,94767,0,166744,71843,94901,94767,94512,94901,0,0,0,134,0,166610,0,0,0,166610,47323,0,118657,0,0,0,37,513,80,0,0,0,0,104189,103933,0,255,256,65536,1226752,384,0,127,262016,8,0,0,0,0,0,0,0,0,0,0,0,0,0,2935,0,1614,148,1347,6136,0,151,54,4,0,929,27700,5758,0,0,2151,539,796,492,770,924,958
694,112930,61232586,0,0,0,77264,1025,292,70376,68406,1,43680,125987,9990,8365972,0,0,0,0,1855,97,4078041,31,118,0,0,0,0,0,0,1,115602,5801,0,704,5147,0,0,0,0,0,302,2826,0,0,0,0,0,0,0,0,0,0,0,0,0,0,0,166811,47458,119353,94810,246734,236709,0,236503,0,0,0,0,0,0,199842,0,25384,191560,236709,59800,109858,0,235327,31645,0,76638,236709,0,236709,26875,0,0,0,0,0,0,206,0,0,768,154933,0,0,1382,0,0,0,0,51847,5410,3146,0,0,1382,513,0,7530,5528,2038,0,0,0,0,0,0,0,16,0,2216,0,0,0,2745,0,45149,0,148159,34663,1056,4937,0,94944,134,0,72001,0,94810,0,166945,72001,94944,94810,94555,94944,0,0,0,134,0,166811,0,0,0,166811,47458,0,118723,0,0,0,37,513,80,0,0,0,0,104255,103999,0,255,256,65536,1226752,384,0,127,262016,8,0,0,0,0,0,0,0,0,0,0,0,0,0,2893,0,48599,144,1418,6705,0,150,61,3,0,1016,75904,5609,0,0,2012,451,767,452,765,1021,1079
695,67829,61262997,0,0,0,29445,1027,289,70325,68357,0,0,126090,9990,8365972,0,0,0,0,1733,97,4078041,30,118,0,0,0,0,0,0,1,115624,5801,0,704,5147,0,0,0,0,0,302,2826,0,0,0,0,0,0,0,0,0,0,0,0,0,0,0,167011,47584,119427,94855,247039,236998,0,236792,0,0,0,0,0,0,200085,0,25426,191788,236998,59872,110044,0,235614,31667,0,76711,236998,0,236998,26973,0,0,0,0,0,0,206,0,0,769,155052,0,0,1384,0,0,0,0,51972,5420,3152,0,0,1384,513,0,7535,5536,2038,0,0,0,0,0,0,0,16,0,2227,0,0,0,2756,0,45210,0,148279,34755,1056,4942,0,94989,134,0,72156,0,94855,0,167145,72156,94989,94855,94600,94989,0,0,0,134,0,167011,0,0,0,167011,47584,0,118797,0,0,0,37,513,80,0,0,0,0,104329,104073,0,255,256,65536,1226752,384,0,127,262016,8,0,0,0,0,0,0,0,0,0,0,0,0,0,2842,0,1678,126,1502,6237,0,150,47,4,0,1039,28697,5904,0,0,2126,487,771,503,760,935,1053
696,70370,61299258,0,0,0,30975,1024,290,68111,66139,0,0,126252,9990,8365972,0,0,0,0,1680,97,4078041,32,118,0,0,0,0,0,0,1,115646,5801,0,704,5147,0,0,0,0,0,302,2826,0,0,0,0,0,0,0,0,0,0,0,0,0,0,0,167212,47652,119560,94918,247345,237288,0,237082,0,0,0,0,0,0,200329,0,25468,192017,237288,59944,110228,0,235902,31694,0,76794,237288,0,237288,27058,0,0,0,0,0,0,206,0,0,770,155185,0,0,1386,0,0,0,0,52084,5430,3158,0,0,1386,513,0,7540,5544,2038,0,0,0,0,0,0,0,16,0,2238,0,0,0,2767,0,45271,0,148413,34834,1056,4947,0,95052,134,0,72294,0,94918,0,167346,72294,95052,94918,94663,95052,0,0,0,134,0,167212,0,0,0,167212,47652,0,118887,0,0,0,37,556,80,0,0,0,0,104419,104163,0,255,256,65536,1226752,384,0,127,262016,8,0,0,0,0,0,0,0,0,0,0,0,0,0,2749,0,1551,123,2196,6135,0,162,56,4,0,1714,31702,6782,0,0,2483,615,1025,625,1081,858,1038
697,69043,61329331,0,0,0,30081,1040,289,67880,65887,0,0,126350,9990,8365972,0,0,0,0,1758,97,4078041,31,118,0,0,0,0,0,0,1,115668,5801,0,704,5147,0,0,0,0,0,302,2826,0,0,0,0,0,0,0,0,0,0,0,0,0,0,0,167411,47782,119629,94971,247650,237577,0,237371,0,0,0,0,0,0,200572,0,25510,192245,237577,60017,110411,0,236189,31720,0,76875,237577,0,237577,27143,0,0,0,0,0,0,206,0,0,771,155317,0,0,1388,0,0,0,0,52196,5440,3164,0,0,1388,513,0,7545,5552,2038,0,0,0,0,0,0,0,16,0,2249,0,0,0,2778,0,45332,0,148546,34913,1056,4952,0,95105,134,0,72440,0,94971,0,167545,72440,95105,94971,94716,95105,0,0,0,134,0,167411,0,0,0,167411,47782,0,118956,0,0,0,37,556,80,0,0,0,0,104488,104232,0,255,256,65536,1226752,384,0,127,262016,8,0,0,0,0,0,0,0,0,0,0,0,0,0,2827,0,1711,134,1443,6548,0,166,62,5,0,986,28543,5846,0,0,2199,504,781,507,758,956,1061
698,68008,61359157,0,0,0,29641,1055,281,64736,62683,0,0,126446,9990,8365972,0,0,0,0,2024,97,4078041,35,118,0,0,0,0,0,0,1,115690,5801,0,704,5147,0,0,0,0,0,302,2826,0,0,0,0,0,0,0,0,0,0,0,0,0,0,0,167604,47903,119701,95027,247947,237858,0,237652,0,0,0,0,0,0,200808,0,25551,192470,237858,60092,110593,0,236468,31744,0,76947,237858,0,237858,27228,0,0,0,0,0,0,206,0,0,772,155447,0,0,1390,0,0,0,0,52307,5447,3168,0,0,1390,513,0,7550,5560,2038,0,0,0,0,0,0,0,16,0,2260,0,0,0,2789,0,45388,0,148676,34992,1056,4957,0,95161,134,0,72577,0,95027,0,167738,72577,95161,95027,94772,95161,0,0,0,134,0,167604,0,0,0,167604,47903,0,119028,0,0,0,37,556,80,0,0,0,0,104560,104304,0,255,256,65536,1226752,384,0,127,262016,8,0,0,0,0,0,0,0,0,0,0,0,0,0,3027,0,1693,127,1412,6150,0,184,62,3,0,972,28109,5663,0,0,2120,483,735,493,757,894,1005
699,82574,61401966,0,0,0,41746,1060,285,64787,62683,1,4096,126545,9990,8365972,0,0,0,0,1840,97,4078041,31,118,0,0,0,0,0,0,1,115710,5801,0,704,5148,0,0,0,0,0,302,2826,0,0,0,0,0,0,0,0,0,0,0,0,0,0,0,167797,48021,119776,95084,248248,238143,0,237937,0,0,0,0,0,0,201047,0,25593,192699,238143,60171,110779,0,236751,31768,0,77019,238143,0,238143,27313,0,0,0,0,0,0,206,0,0,773,155580,0,0,1392,0,0,0,0,52418,5454,3172,0,0,1392,513,0,7555,5568,2038,0,0,0,0,0,0,0,16,0,2272,0,0,0,2801,0,45444,0,148809,35071,1056,4962,0,95218,134,0,72713,0,95084,0,167931,72713,95218,95084,94829,95218,0,0,0,134,0,167797,0,0,0,167797,48021,0,119103,0,0,0,37,556,80,0,0,0,0,104635,104379,0,255,256,65536,1226752,384,0,127,262016,8,0,0,0,0,0,0,0,0,0,0,0,0,0,3366,0,13432,141,1472,6278,0,161,62,4,0,1030,40644,5722,0,0,2047,478,794,468,819,889,998
700,72671,61432713,0,0,0,30099,1068,286,64496,62368,0,0,126638,9990,8365972,0,0,0,0,1848,97,4078041,30,118,0,0,0,0,0,0,1,115730,5801,0,704,5148,0,0,0,0,0,302,2826,0,0,0,0,0,0,0,0,0,0,0,0,0,0,0,167988,48144,119844,95136,248550,238429,0,238223,0,0,0,0,0,0,201286,0,25637,192927,238429,60253,110966,0,237035,31791,0,77090,238429,0,238429,27398,0,0,0,0,0,0,206,0,0,774,155712,0,0,1394,0,0,0,0,52530,5461,3176,0,0,1394,513,0,7561,5576,2038,0,0,0,0,0,0,0,16,0,2284,0,0,0,2813,0,45502,0,148941,35150,1056,4967,0,95270,134,0,72852,0,95136,0,168122,72852,95270,95136,94881,95270,0,0,0,134,0,167988,0,0,0,167988,48144,0,119171,0,0,0,37,556,80,0,0,0,0,104703,104447,0,255,256,65536,1226752,384,0,127,262016,8,0,0,0,0,0,0,0,0,0,0,0,0,0,3476,0,1651,172,1393,6287,0,148,70,6,0,962,29035,5901,0,0,2194,469,806,583,786,900,1032
701,67697,61468405,0,0,0,29414,1018,272,59424,57296,0,0,126787,9990,8365972,0,0,0,0,2217,97,4078041,31,118,0,0,0,0,0,0,1,115749,5801,0,704,5148,0,0,0,0,0,302,2826,0,0,0,0,0,0,0,0,0,0,0,0,0,0,0,168164,48197,119967,95188,248838,238701,0,238495,0,0,0,0,0,0,201511,0,25681,193141,238701,60336,111143,0,237305,31814,0,77161,238701,0,238701,27470,0,0,0,0,0,0,206,0,0,775,155843,0,0,1396,0,0,0,0,52629,5468,3180,0,0,1396,513,0,7567,5584,2038,0,0,0,0,0,0,0,16,0,2296,0,0,0,2825,0,45560,0,149072,35216,1056,4972,0,95322,134,0,72976,0,95188,0,168298,72976,95322,95188,94933,95322,0,0,0,134,0,168164,0,0,0,168164,48197,0,119238,0,0,0,37,612,80,0,0,0,0,104770,104514,0,255,256,65536,1226752,384,0,127,262016,8,0,0,0,0,0,0,0,0,0,0,0,0,0,3479,0,1433,162,2211,5404,0,150,70,4,0,1533,30767,6676,0,0,2439,598,1069,548,1090,770,960
702,62082,61499250,0,0,0,27991,1133,272,59380,57256,0,0,126886,9990,8365972,0,0,0,0,1503,97,4078041,28,118,0,0,0,0,0,0,1,115772,5801,0,704,5148,0,0,0,0,0,302,2826,0,0,0,0,0,0,0,0,0,0,0,0,0,0,0,168340,48300,120040,95241,249126,238973,0,238767,0,0,0,0,0,0,201736,0,25725,193355,238973,60419,111321,0,237575,31837,0,77232,238973,0,238973,27542,0,0,0,0,0,0,206,0,0,776,155974,0,0,1398,0,0,0,0,52728,5475,3184,0,0,1398,513,0,7573,5592,2038,0,0,0,0,0,0,0,16,0,2308,0,0,0,2837,0,45618,0,149203,35282,1056,4977,0,95375,134,0,73099,0,95241,0,168474,73099,95375,95241,94986,95375,0,0,0,134,0,168340,0,0,0,168340,48300,0,119311,0,0,0,37,612,80,0,0,0,0,104843,104587,0,255,256,65536,1226752,384,0,127,262016,8,0,0,0,0,0,0,0,0,0,0,0,0,0,3630,0,1524,228,1474,6035,0,147,65,3,0,986,28470,5710,0,0,2095,468,812,494,807,821,912
703,67410,61530035,0,0,0,29767,1001,264,59387,57269,0,0,126985,9990,8365972,0,0,0,0,1777,97,4078041,30,118,0,0,0,0,0,0,1,115793,5801,0,704,5148,0,0,0,0,0,302,2826,0,0,0,0,0,0,0,0,0,0,0,0,0,0,0,168516,48403,120113,95293,249406,239237,0,239031,0,0,0,0,0,0,201953,0,25769,193561,239237,60493,111495,0,237837,31860,0,77303,239237,0,239237,27614,0,0,0,0,0,0,206,0,0,777,156097,0,0,1400,0,0,0,0,52827,5482,3188,0,0,1400,513,0,7579,5600,2038,0,0,0,0,0,0,0,16,0,2320,0,0,0,2849,0,45676,0,149326,35348,1056,4982,0,95427,134,0,73223,0,95293,0,168650,73223,95427,95293,95038,95427,0,0,0,134,0,168516,0,0,0,168516,48403,0,119384,0,0,0,37,612,80,0,0,0,0,104916,104660,0,255,256,65536,1226752,384,0,127,262016,8,0,0,0,0,0,0,0,0,0,0,0,0,0,3405,0,1556,155,1682,6008,0,146,55,2,0,1024,28837,5553,0,0,2009,462,791,471,760,851,1277
704,62720,61559600,0,0,0,28618,1021,265,59475,57365,0,0,127085,9990,8365972,0,0,0,0,1918,97,4078041,31,118,0,0,0,0,0,0,1,115816,5801,0,704,5148,0,0,0,0,0,302,2826,0,0,0,0,0,0,0,0,0,0,0,0,0,0,0,168693,48506,120187,95346,249687,239502,0,239296,0,0,0,0,0,0,202171,0,25813,193768,239502,60567,111669,0,238100,31883,0,77374,239502,0,239502,27686,0,0,0,0,0,0,206,0,0,778,156221,0,0,1402,0,0,0,0,52926,5489,3192,0,0,1402,513,0,7585,5608,2038,0,0,0,0,0,0,0,16,0,2332,0,0,0,2861,0,45734,0,149450,35414,1056,4987,0,95480,134,0,73347,0,95346,0,168827,73347,95480,95346,95091,95480,0,0,0,134,0,168693,0,0,0,168693,48506,0,119458,0,0,0,37,612,80,0,0,0,0,104990,104734,0,255,256,65536,1226752,384,0,127,262016,8,0,0,0,0,0,0,0,0,0,0,0,0,0,3127,0,1513,157,1455,5828,0,172,58,5,0,997,27317,5486,0,0,2034,452,767,462,733,837,935
705,67358,61589360,0,0,0,28501,1160,265,59533,57431,0,0,127184,9990,8365972,0,0,0,0,1936,97,4078041,37,118,0,0,0,0,0,0,1,115839,5801,0,704,5148,0,0,0,0,0,302,2826,0,0,0,0,0,0,0,0,0,0,0,0,0,0,0,168872,48612,120260,95400,249969,239767,0,239561,0,0,0,0,0,0,202390,0,25855,193977,239767,60639,111841,0,238363,31907,0,77446,239767,0,239767,27758,0,0,0,0,0,0,206,0,0,779,156345,0,0,1404,0,0,0,0,53026,5496,3196,0,0,1404,513,0,7590,5616,2038,0,0,0,0,0,0,0,16,0,2344,0,0,0,2873,0,45790,0,149576,35480,1056,4992,0,95534,134,0,73472,0,95400,0,169006,73472,95534,95400,95145,95534,0,0,0,134,0,168872,0,0,0,168872,48612,0,119531,0,0,0,37,612,80,0,0,0,0,105063,104807,0,255,256,65536,1226752,384,0,127,262016,8,0,0,0,0,0,0,0,0,0,0,0,0,0,3187,0,1500,149,1459,6045,0,181,50,3,0,1005,27471,5354,0,0,1938,455,760,455,727,833,925
706,64764,61624794,0,0,0,30561,1054,266,59605,57431,0,0,127336,9990,8365972,0,0,0,0,1912,97,4078041,30,118,0,0,0,0,0,0,1,115862,5801,0,704,5148,0,0,0,0,0,302,2826,0,0,0,0,0,0,0,0,0,0,0,0,0,0,0,169051,48665,120386,95457,250252,240033,0,239827,0,0,0,0,0,0,202609,0,25898,194186,240033,60711,112014,0,238627,31931,0,77518,240033,0,240033,27830,0,0,0,0,0,0,206,0,0,780,156469,0,0,1406,0,0,0,0,53126,5503,3200,0,0,1406,513,0,7596,5624,2038,0,0,0,0,0,0,0,16,0,2356,0,0,0,2885,0,45847,0,149702,35546,1056,4997,0,95591,134,0,73594,0,95457,0,169185,73594,95591,95457,95202,95591,0,0,0,134,0,169051,0,0,0,169051,48665,0,119609,0,0,0,40,657,80,0,0,0,0,105141,104885,0,255,256,65536,1226752,384,0,127,262016,8,0,0,0,0,0,0,0,0,0,0,0,0,0,3148,0,1409,152,2184,5690,0,168,64,3,0,1555,30997,6486,0,0,2305,565,1035,535,1033,791,1140
707,68122,61655235,0,0,0,28236,1071,267,59635,57461,0,0,127440,9990,8365972,0,0,0,0,1944,97,4078041,33,118,0,0,0,0,0,0,1,115887,5801,0,704,5148,0,0,0,0,0,302,2826,0,0,0,0,0,0,0,0,0,0,0,0,0,0,0,169230,48767,120463,95514,250536,240300,0,240094,0,0,0,0,0,0,202828,0,25941,194395,240300,60784,112187,0,238892,31955,0,77590,240300,0,240300,27902,0,0,0,0,0,0,206,0,0,781,156594,0,0,1408,0,0,0,0,53226,5510,3204,0,0,1408,513,0,7602,5632,2038,0,0,0,0,0,0,0,16,0,2368,0,0,0,2897,0,45905,0,149828,35612,1056,5002,0,95648,134,0,73716,0,95514,0,169364,73716,95648,95514,95259,95648,0,0,0,134,0,169230,0,0,0,169230,48767,0,119686,0,0,0,40,657,80,0,0,0,0,105218,104962,0,255,256,65536,1226752,384,0,127,262016,8,0,0,0,0,0,0,0,0,0,0,0,0,0,3168,0,1535,146,1539,5995,0,182,61,4,0,1057,28144,5598,0,0,2048,480,782,497,762,844,978
708,61441,61684936,0,0,0,28143,1055,264,59359,57231,0,0,127544,9990,8365972,0,0,0,0,2007,97,4078041,30,118,0,0,0,0,0,0,1,115911,5801,0,704,5148,0,0,0,0,0,302,2826,0,0,0,0,0,0,0,0,0,0,0,0,0,0,0,169407,48867,120540,95571,250816,240564,0,240358,0,0,0,0,0,0,203045,0,25983,194602,240564,60856,112359,0,239154,31978,0,77660,240564,0,240564,27974,0,0,0,0,0,0,206,0,0,782,156717,0,0,1410,0,0,0,0,53326,5517,3208,0,0,1410,513,0,7607,5640,2038,0,0,0,0,0,0,0,16,0,2380,0,0,0,2909,0,45962,0,149952,35678,1056,5007,0,95705,134,0,73836,0,95571,0,169541,73836,95705,95571,95316,95705,0,0,0,134,0,169407,0,0,0,169407,48867,0,119763,0,0,0,40,657,80,0,0,0,0,105295,105039,0,255,256,65536,1226752,384,0,127,262016,8,0,0,0,0,0,0,0,0,0,0,0,0,0,3015,0,1491,170,1496,6074,0,158,55,5,0,1065,27445,5448,0,0,2009,463,761,491,728,819,926
709,63958,61714438,0,0,0,27557,1033,264,59359,57231,0,0,127649,9990,8365972,0,0,0,0,1983,97,4078041,32,118,0,0,0,0,0,0,1,115935,5801,0,704,5148,0,0,0,0,0,302,2826,0,0,0,0,0,0,0,0,0,0,0,0,0,0,0,169584,48966,120618,95628,251096,240828,0,240622,0,0,0,0,0,0,203262,0,26025,194809,240828,60928,112531,0,239416,32001,0,77730,240828,0,240828,28046,0,0,0,0,0,0,206,0,0,783,156840,0,0,1412,0,0,0,0,53426,5524,3212,0,0,1412,513,0,7612,5648,2038,0,0,0,0,0,0,0,16,0,2392,0,0,0,2921,0,46019,0,150076,35744,1056,5012,0,95762,134,0,73956,0,95628,0,169718,73956,95762,95628,95373,95762,0,0,0,134,0,169584,0,0,0,169584,48966,0,119841,0,0,0,40,657,80,0,0,0,0,105373,105117,0,255,256,65536,1226752,384,0,127,262016,8,0,0,0,0,0,0,0,0,0,0,0,0,0,3042,0,1463,141,1534,5662,0,156,60,3,0,1055,27060,5471,0,0,2014,467,774,460,774,815,920
710,65114,61744572,0,0,0,28090,1037,266,59589,57461,0,0,127756,9990,8365972,0,0,0,0,1805,97,4078041,32,118,0,0,0,0,0,0,1,115959,5801,0,704,5148,0,0,0,0,0,302,2826,0,0,0,0,0,0,0,0,0,0,0,0,0,0,0,169763,49065,120698,95685,251378,241094,0,240888,0,0,0,0,0,0,203481,0,26067,195018,241094,61000,112703,0,239680,32025,0,77802,241094,0,241094,28118,0,0,0,0,0,0,206,0,0,784,156965,0,0,1414,0,0,0,0,53526,5531,3216,0,0,1414,513,0,7617,5656,2038,0,0,0,0,0,0,0,16,0,2404,0,0,0,2933,0,46076,0,150202,35810,1056,5017,0,95819,134,0,74078,0,95685,0,169897,74078,95819,95685,95430,95819,0,0,0,134,0,169763,0,0,0,169763,49065,0,119921,0,0,0,40,657,80,0,0,0,0,105453,105197,0,255,256,65536,1226752,384,0,127,262016,8,0,0,0,0,0,0,0,0,0,0,0,0,0,3079,0,1614,132,1543,5686,0,157,49,3,0,1087,27691,5619,0,0,2031,470,776,492,766,830,927
711,70277,61774301,0,0,0,28174,1019,264,59359,57231,0,0,127861,9990,8365972,0,0,0,0,1723,97,4078041,33,118,0,0,0,0,0,0,1,115983,5801,0,704,5148,0,0,0,0,0,302,2826,0,0,0,0,0,0,0,0,0,0,0,0,0,0,0,169940,49164,120776,95742,251658,241358,0,241152,0,0,0,0,0,0,203698,0,26109,195225,241358,61072,112875,0,239942,32048,0,77872,241358,0,241358,28190,0,0,0,0,0,0,206,0,0,785,157088,0,0,1416,0,0,0,0,53626,5538,3220,0,0,1416,513,0,7622,5664,2038,0,0,0,0,0,0,0,16,0,2416,0,0,0,2945,0,46133,0,150326,35876,1056,5022,0,95876,134,0,74198,0,95742,0,170074,74198,95876,95742,95487,95876,0,0,0,134,0,169940,0,0,0,169940,49164,0,119999,0,0,0,40,657,80,0,0,0,0,105531,105275,0,255,256,65536,1226752,384,0,127,262016,8,0,0,0,0,0,0,0,0,0,0,0,0,0,3008,0,1533,135,1506,5888,0,167,59,4,0,1086,27367,5458,0,0,2012,494,766,470,754,819,992
712,61322,61804080,0,0,0,27808,1023,264,59339,57231,0,0,127966,9990,8365972,0,0,0,0,1923,97,4078041,29,118,0,0,0,0,0,0,1,116005,5801,0,704,5148,0,0,0,0,0,302,2826,0,0,0,0,0,0,0,0,0,0,0,0,0,0,0,170117,49263,120854,95799,251938,241622,0,241416,0,0,0,0,0,0,203915,0,26151,195432,241622,61144,113047,0,240204,32071,0,77942,241622,0,241622,28262,0,0,0,0,0,0,206,0,0,786,157211,0,0,1418,0,0,0,0,53726,5545,3224,0,0,1418,513,0,7627,5672,2038,0,0,0,0,0,0,0,16,0,2428,0,0,0,2957,0,46190,0,150450,35942,1056,5027,0,95933,134,0,74318,0,95799,0,170251,74318,95933,95799,95544,95933,0,0,0,134,0,170117,0,0,0,170117,49263,0,120077,0,0,0,40,657,80,0,0,0,0,105609,105353,0,255,256,65536,1226752,384,0,127,262016,8,0,0,0,0,0,0,0,0,0,0,0,0,0,3014,0,1586,137,1529,5735,0,149,51,3,0,1061,27458,5516,0,0,2073,457,771,470,856,845,922
713,66106,61834669,0,0,0,28237,1003,263,59323,57231,0,0,128072,9990,8365972,0,0,0,0,1947,97,4078041,29,118,0,0,0,0,0,0,1,116029,5801,0,704,5148,0,0,0,0,0,302,2826,0,0,0,0,0,0,0,0,0,0,0,0,0,0,0,170294,49361,120933,95856,252217,241885,0,241679,0,0,0,0,0,0,204132,0,26192,195639,241885,61215,113218,0,240465,32094,0,78012,241885,0,241885,28334,0,0,0,0,0,0,206,0,0,787,157334,0,0,1420,0,0,0,0,53826,5552,3228,0,0,1420,513,0,7631,5680,2038,0,0,0,0,0,0,0,16,0,2440,0,0,0,2969,0,46246,0,150574,36008,1056,5032,0,95990,134,0,74438,0,95856,0,170428,74438,95990,95856,95601,95990,0,0,0,134,0,170294,0,0,0,170294,49361,0,120156,0,0,0,40,657,80,0,0,0,0,105688,105432,0,255,256,65536,1226752,384,0,127,262016,8,0,0,0,0,0,0,0,0,0,0,0,0,0,2984,0,1504,130,1593,6220,0,149,53,4,0,1069,28163,5572,0,0,2001,461,776,487,744,861,990
714,62145,61864289,0,0,0,28077,1040,263,59323,57231,0,0,128175,9990,8365972,0,0,0,0,1478,97,4078041,29,118,0,0,0,0,0,0,1,116054,5801,0,704,5148,0,0,0,0,0,302,2826,0,0,0,0,0,0,0,0,0,0,0,0,0,0,0,170471,49462,121009,95913,252496,242148,0,241942,0,0,0,0,0,0,204349,0,26233,195846,242148,61286,113389,0,240726,32117,0,78082,242148,0,242148,28406,0,0,0,0,0,0,206,0,0,788,157457,0,0,1422,0,0,0,0,53926,5559,3232,0,0,1422,513,0,7635,5688,2038,0,0,0,0,0,0,0,16,0,2452,0,0,0,2981,0,46302,0,150698,36074,1056,5037,0,96047,134,0,74558,0,95913,0,170605,74558,96047,95913,95658,96047,0,0,0,134,0,170471,0,0,0,170471,49462,0,120232,0,0,0,40,657,80,0,0,0,0,105764,105508,0,255,256,65536,1226752,384,0,127,262016,8,0,0,0,0,0,0,0,0,0,0,0,0,0,3244,0,1517,137,1481,5727,0,146,53,4,0,1034,27315,5423,0,0,2003,510,782,460,739,828,933
715,65232,61893899,0,0,0,27911,1053,263,59323,57231,0,0,128279,9990,8365972,0,0,0,0,1903,97,4078041,35,118,0,0,0,0,0,0,1,116077,5801,0,704,5148,0,0,0,0,0,302,2826,0,0,0,0,0,0,0,0,0,0,0,0,0,0,0,170648,49562,121086,95970,252775,242411,0,242205,0,0,0,0,0,0,204566,0,26274,196053,242411,61357,113560,0,240987,32140,0,78152,242411,0,242411,28478,0,0,0,0,0,0,206,0,0,789,157580,0,0,1424,0,0,0,0,54026,5566,3236,0,0,1424,513,0,7639,5696,2038,0,0,0,0,0,0,0,16,0,2464,0,0,0,2993,0,46358,0,150822,36140,1056,5042,0,96104,134,0,74678,0,95970,0,170782,74678,96104,95970,95715,96104,0,0,0,134,0,170648,0,0,0,170648,49562,0,120309,0,0,0,40,657,80,0,0,0,0,105841,105585,0,255,256,65536,1226752,384,0,127,262016,8,0,0,0,0,0,0,0,0,0,0,0,0,0,3078,0,1483,137,1593,5874,0,173,53,2,0,1057,27361,5426,0,0,1955,457,780,456,804,906,919
716,62709,61923764,0,0,0,28391,1124,263,59315,57231,0,0,128384,9990,8365972,0,0,0,0,1948,97,4078041,31,118,0,0,0,0,0,0,1,116099,5801,0,704,5148,0,0,0,0,0,302,2826,0,0,0,0,0,0,0,0,0,0,0,0,0,0,0,170825,49661,121164,96027,253054,242674,0,242468,0,0,0,0,0,0,204783,0,26315,196260,242674,61428,113731,0,241248,32163,0,78222,242674,0,242674,28550,0,0,0,0,0,0,206,0,0,790,157703,0,0,1426,0,0,0,0,54126,5573,3240,0,0,1426,513,0,7643,5704,2038,0,0,0,0,0,0,0,16,0,2476,0,0,0,3005,0,46414,0,150946,36206,1056,5047,0,96161,134,0,74798,0,96027,0,170959,74798,96161,96027,95772,96161,0,0,0,134,0,170825,0,0,0,170825,49661,0,120387,0,0,0,40,657,80,0,0,0,0,105919,105663,0,255,256,65536,1226752,384,0,127,262016,8,0,0,0,0,0,0,0,0,0,0,0,0,0,2991,0,1610,137,1568,5927,0,163,53,5,0,1059,27681,5428,0,0,1967,467,789,458,750,825,1032
717,67096,61954673,0,0,0,27883,1032,264,59299,57231,0,0,128496,9990,8365972,0,0,0,0,1975,97,4078041,32,118,0,0,0,0,0,0,1,116123,5801,0,704,5148,0,0,0,0,0,302,2826,0,0,0,0,0,0,0,0,0,0,0,0,0,0,0,171002,49753,121249,96084,253334,242938,0,242732,0,0,0,0,0,0,205000,0,26357,196467,242938,61501,113903,0,241510,32186,0,78292,242938,0,242938,28622,0,0,0,0,0,0,206,0,0,791,157826,0,0,1428,0,0,0,0,54226,5580,3244,0,0,1428,513,0,7648,5712,2038,0,0,0,0,0,0,0,16,0,2488,0,0,0,3017,0,46471,0,151070,36272,1056,5052,0,96218,134,0,74918,0,96084,0,171136,74918,96218,96084,95829,96218,0,0,0,134,0,171002,0,0,0,171002,49753,0,120472,0,0,0,40,657,80,0,0,0,0,106004,105748,0,255,256,65536,1226752,384,0,127,262016,8,0,0,0,0,0,0,0,0,0,0,0,0,0,2993,0,1461,138,1708,5989,0,160,50,6,0,1146,28215,5718,0,0,2167,492,811,486,804,830,1006
718,65447,61986518,0,0,0,28552,1027,274,64754,62702,0,0,128617,9990,8365972,0,0,0,0,1973,97,4078041,32,118,0,0,0,0,0,0,1,116147,5801,0,704,5148,0,0,0,0,0,302,2826,0,0,0,0,0,0,0,0,0,0,0,0,0,0,0,171189,49846,121343,96146,253624,243212,0,243006,0,0,0,0,0,0,205227,0,26399,196684,243212,61574,114084,0,241782,32209,0,78362,243212,0,243212,28703,0,0,0,0,0,0,206,0,0,792,157950,0,0,1430,0,0,0,0,54335,5587,3248,0,0,1430,513,0,7653,5720,2038,0,0,0,0,0,0,0,16,0,2500,0,0,0,3029,0,46528,0,151194,36347,1056,5058,0,96280,134,0,75043,0,96146,0,171323,75043,96280,96146,95891,96280,0,0,0,134,0,171189,0,0,0,171189,49846,0,120566,0,0,0,40,657,80,0,0,0,0,106098,105842,0,255,256,65536,1226752,384,0,127,262016,8,0,0,0,0,0,0,0,0,0,0,0,0,0,2920,0,1468,139,1747,6238,0,168,55,6,0,1205,29010,5699,0,0,2005,477,871,491,764,853,990
719,70131,62018647,0,0,0,29307,1133,274,64746,62702,0,0,128734,9990,8365972,0,0,0,0,1746,97,4078041,34,118,0,0,0,0,0,0,1,116170,5801,0,704,5148,0,0,0,0,0,302,2826,0,0,0,0,0,0,0,0,0,0,0,0,0,0,0,171376,49943,121433,96210,253914,243486,0,243280,0,0,0,0,0,0,205454,0,26441,196901,243486,61647,114265,0,242054,32232,0,78432,243486,0,243486,28784,0,0,0,0,0,0,206,0,0,793,158074,0,0,1432,0,0,0,0,54444,5594,3252,0,0,1432,513,0,7658,5728,2038,0,0,0,0,0,0,0,16,0,2512,0,0,0,3041,0,46585,0,151318,36422,1056,5064,0,96344,134,0,75166,0,96210,0,171510,75166,96344,96210,95955,96344,0,0,0,134,0,171376,0,0,0,171376,49943,0,120656,0,0,0,40,657,80,0,0,0,0,106188,105932,0,255,256,65536,1226752,384,0,127,262016,8,0,0,0,0,0,0,0,0,0,0,0,0,0,2960,0,1545,138,1676,6463,0,178,54,3,0,1192,29403,5742,0,0,2029,491,830,468,827,894,972
720,64575,62049754,0,0,0,28846,1029,274,64726,62702,0,0,128848,9990,8365972,0,0,0,0,1606,97,4078041,30,118,0,0,0,0,0,0,1,116193,5801,0,704,5148,0,0,0,0,0,302,2826,0,0,0,0,0,0,0,0,0,0,0,0,0,0,0,171563,50043,121520,96274,254204,243760,0,243554,0,0,0,0,0,0,205681,0,26483,197118,243760,61720,114446,0,242326,32255,0,78502,243760,0,243760,28865,0,0,0,0,0,0,206,0,0,794,158198,0,0,1434,0,0,0,0,54553,5601,3256,0,0,1434,513,0,7663,5736,2038,0,0,0,0,0,0,0,16,0,2524,0,0,0,3053,0,46642,0,151442,36497,1056,5070,0,96408,134,0,75289,0,96274,0,171697,75289,96408,96274,96019,96408,0,0,0,134,0,171563,0,0,0,171563,50043,0,120743,0,0,0,40,657,80,0,0,0,0,106275,106019,0,255,256,65536,1226752,384,0,127,262016,8,0,0,0,0,0,0,0,0,0,0,0,0,0,2926,0,1522,139,1633,6319,0,170,56,4,0,1145,28770,5698,0,0,2032,471,825,496,784,860,972
721,68869,62081232,0,0,0,28440,1234,273,64702,62702,0,0,128964,9990,8365972,0,0,0,0,1860,97,4078041,59,118,0,0,0,0,0,0,1,116215,5801,0,704,5148,0,0,0,0,0,302,2826,0,0,0,0,0,0,0,0,0,0,0,0,0,0,0,171750,50141,121609,96338,254493,244033,0,243827,0,0,0,0,0,0,205908,0,26524,197335,244033,61793,114626,0,242597,32278,0,78572,244033,0,244033,28946,0,0,0,0,0,0,206,0,0,795,158322,0,0,1436,0,0,0,0,54662,5608,3260,0,0,1436,513,0,7667,5744,2038,0,0,0,0,0,0,0,16,0,2536,0,0,0,3065,0,46698,0,151566,36572,1056,5076,0,96472,134,0,75412,0,96338,0,171884,75412,96472,96338,96083,96472,0,0,0,134,0,171750,0,0,0,171750,50141,0,120832,0,0,0,40,657,80,0,0,0,0,106364,106108,0,255,256,65536,1226752,384,0,127,262016,8,0,0,0,0,0,0,0,0,0,0,0,0,0,2925,0,1492,149,1670,6094,0,238,62,5,0,1172,28712,5791,0,0,2031,495,825,474,790,852,1007
722,64649,62111964,0,0,0,28763,1220,273,64690,62702,0,0,129077,9990,8365972,0,0,0,0,1481,97,4078041,33,118,0,0,0,0,0,0,1,116238,5801,0,704,5148,0,0,0,0,0,302,2826,0,0,0,0,0,0,0,0,0,0,0,0,0,0,0,171937,50242,121695,96402,254782,244306,0,244100,0,0,0,0,0,0,206135,0,26565,197552,244306,61866,114806,0,242868,32301,0,78642,244306,0,244306,29027,0,0,0,0,0,0,206,0,0,796,158446,0,0,1438,0,0,0,0,54771,5615,3264,0,0,1438,513,0,7671,5752,2038,0,0,0,0,0,0,0,16,0,2548,0,0,0,3077,0,46754,0,151690,36647,1056,5082,0,96536,134,0,75535,0,96402,0,172071,75535,96536,96402,96147,96536,0,0,0,134,0,171937,0,0,0,171937,50242,0,120918,0,0,0,40,657,80,0,0,0,0,106450,106194,0,255,256,65536,1226752,384,0,127,262016,8,0,0,0,0,0,0,0,0,0,0,0,0,0,2840,0,1639,139,1647,6126,0,243,59,4,0,1132,28504,5758,0,0,2029,468,818,489,774,880,974
723,84860,62142996,0,0,0,29777,1124,287,69733,67753,0,0,129184,9990,8365972,0,0,0,0,1864,97,4078041,30,118,0,0,0,0,0,0,1,116260,5801,0,704,5148,0,0,0,0,0,302,2826,0,0,0,0,0,0,0,0,0,0,0,0,0,0,0,172138,50363,121775,96467,255085,244593,0,244387,0,0,0,0,0,0,206376,0,26606,197783,244593,61939,114997,0,243153,32324,0,78712,244593,0,244593,29121,0,0,0,0,0,0,206,0,0,797,158571,0,0,1440,0,0,0,0,54893,5622,3268,0,0,1440,513,0,7675,5760,2038,0,0,0,0,0,0,0,16,0,2560,0,0,0,3089,0,46810,0,151815,36735,1056,5088,0,96601,134,0,75671,0,96467,0,172272,75671,96601,96467,96212,96601,0,0,0,134,0,172138,0,0,0,172138,50363,0,120998,0,0,0,40,657,80,0,0,0,0,106530,106274,0,255,256,65536,1226752,384,0,127,262016,8,0,0,0,0,0,0,0,0,0,0,0,0,0,2974,0,1631,142,1565,6406,0,13599,54,4,0,1163,29071,5691,0,0,2046,487,783,475,774,927,1050
724,64854,62175914,0,0,0,28877,14565,295,69924,67894,0,0,129306,9990,8365972,0,0,0,0,1728,97,4078041,33,118,0,0,0,0,0,0,1,116282,5801,0,704,5148,0,0,0,0,0,302,2826,0,0,0,0,0,0,0,0,0,0,0,0,0,0,0,172340,50470,121870,96531,255396,244888,0,244682,0,0,0,0,0,0,206626,0,26646,198023,244888,62019,115192,0,243446,32347,0,78782,244888,0,244888,29215,0,0,0,0,0,0,206,0,0,798,158705,0,0,1442,0,0,0,0,55015,5629,3272,0,0,1442,513,0,7678,5768,2038,0,0,0,0,0,0,0,16,0,2572,0,0,0,3101,0,46865,0,151949,36823,1056,5094,0,96665,134,0,75809,0,96531,0,172474,75809,96665,96531,96276,96665,0,0,0,134,0,172340,0,0,0,172340,50470,0,121093,0,0,0,40,657,80,0,0,0,0,106625,106369,0,255,256,65536,1226752,384,0,127,262016,8,0,0,0,0,0,0,0,0,0,0,0,0,0,3090,0,1581,129,1766,6341,0,170,61,3,0,1240,30264,6134,0,0,2113,512,884,486,951,927,1042
725,71348,62209154,0,0,0,28653,1057,295,69924,67894,0,0,129420,9990,8365972,0,0,0,0,1992,97,4078041,29,118,0,0,0,0,0,0,1,116305,5801,0,704,5148,0,0,0,0,0,302,2826,0,0,0,0,0,0,0,0,0,0,0,0,0,0,0,172542,50585,121957,96595,255707,245183,0,244977,0,0,0,0,0,0,206876,0,26686,198263,245183,62099,115387,0,243739,32370,0,78852,245183,0,245183,29309,0,0,0,0,0,0,206,0,0,799,158839,0,0,1444,0,0,0,0,55137,5636,3276,0,0,1444,513,0,7681,5776,2038,0,0,0,0,0,0,0,16,0,2584,0,0,0,3113,0,46920,0,152083,36911,1056,5100,0,96729,134,0,75947,0,96595,0,172676,75947,96729,96595,96340,96729,0,0,0,134,0,172542,0,0,0,172542,50585,0,121180,0,0,0,40,657,80,0,0,0,0,106712,106456,0,255,256,65536,1226752,384,0,127,262016,8,0,0,0,0,0,0,0,0,0,0,0,0,0,3218,0,1642,164,1818,6735,0,147,59,9,0,1154,30886,6178,0,0,2175,505,873,505,879,1064,1076
726,68334,62242488,0,0,0,29895,1008,295,69924,67894,0,0,129533,9990,8365972,0,0,0,0,2072,97,4078041,29,118,0,0,0,0,0,0,1,116325,5801,0,704,5148,0,0,0,0,0,302,2826,0,0,0,0,0,0,0,0,0,0,0,0,0,0,0,172744,50701,122043,96659,256018,245478,0,245272,0,0,0,0,0,0,207126,0,26726,198503,245478,62179,115582,0,244032,32393,0,78922,245478,0,245478,29403,0,0,0,0,0,0,206,0,0,800,158973,0,0,1446,0,0,0,0,55259,5643,3280,0,0,1446,513,0,7684,5784,2038,0,0,0,0,0,0,0,16,0,2596,0,0,0,3125,0,46975,0,152217,36999,1056,5106,0,96793,134,0,76085,0,96659,0,172878,76085,96793,96659,96404,96793,0,0,0,134,0,172744,0,0,0,172744,50701,0,121266,0,0,0,40,657,80,0,0,0,0,106798,106542,0,255,256,65536,1226752,384,0,127,262016,8,0,0,0,0,0,0,0,0,0,0,0,0,0,3253,0,1704,134,1851,6409,0,147,63,3,0,1161,31218,6092,0,0,2148,498,862,494,849,978,1301
727,69433,62275256,0,0,0,28892,1007,294,69710,67684,0,0,129647,9990,8365972,0,0,0,0,1695,97,4078041,30,118,0,0,0,0,0,0,1,116347,5801,0,704,5148,0,0,0,0,0,302,2826,0,0,0,0,0,0,0,0,0,0,0,0,0,0,0,172945,50815,122130,96723,256328,245772,0,245566,0,0,0,0,0,0,207375,0,26766,198742,245772,62259,115777,0,244324,32416,0,78992,245772,0,245772,29497,0,0,0,0,0,0,206,0,0,801,159106,0,0,1448,0,0,0,0,55381,5650,3284,0,0,1448,513,0,7687,5792,2038,0,0,0,0,0,0,0,16,0,2608,0,0,0,3137,0,47030,0,152350,37087,1056,5112,0,96857,134,0,76222,0,96723,0,173079,76222,96857,96723,96468,96857,0,0,0,134,0,172945,0,0,0,172945,50815,0,121353,0,0,0,40,657,80,0,0,0,0,106885,106629,0,255,256,65536,1226752,384,0,127,262016,8,0,0,0,0,0,0,0,0,0,0,0,0,0,3169,0,1601,140,1674,6562,0,152,58,3,0,1143,30249,6161,0,0,2192,496,861,584,862,979,1053
728,71306,62309578,0,0,0,30490,1006,297,69944,67894,0,0,129761,9990,8365972,0,0,0,0,1745,97,4078041,32,118,0,0,0,0,0,0,1,116370,5801,0,704,5148,0,0,0,0,0,302,2826,0,0,0,0,0,0,0,0,0,0,0,0,0,0,0,173147,50930,122217,96787,256641,246069,0,245863,0,0,0,0,0,0,207625,0,26808,198982,246069,62341,115974,0,244619,32439,0,79062,246069,0,246069,29591,0,0,0,0,0,0,206,0,0,802,159240,0,0,1450,0,0,0,0,55503,5657,3288,0,0,1450,513,0,7692,5800,2038,0,0,0,0,0,0,0,16,0,2620,0,0,0,3149,0,47087,0,152484,37175,1056,5118,0,96921,134,0,76360,0,96787,0,173281,76360,96921,96787,96532,96921,0,0,0,134,0,173147,0,0,0,173147,50930,0,121440,0,0,0,40,657,80,0,0,0,0,106972,106716,0,255,256,65536,1226752,384,0,127,262016,8,0,0,0,0,0,0,0,0,0,0,0,0,0,3171,0,1722,150,1904,6866,0,162,59,5,0,1232,32046,6324,0,0,2270,526,869,511,886,976,1331
729,91898,62356672,0,0,0,42213,1019,298,69952,67894,1,10752,129880,9990,8365972,0,0,0,0,2110,97,4078041,31,118,0,0,0,0,0,0,1,116392,5801,0,704,5149,0,0,0,0,0,302,2826,0,0,0,0,0,0,0,0,0,0,0,0,0,0,0,173349,51040,122309,96851,256956,246367,0,246161,0,0,0,0,0,0,207875,0,26851,199222,246367,62424,116172,0,244915,32462,0,79132,246367,0,246367,29685,0,0,0,0,0,0,206,0,0,803,159374,0,0,1452,0,0,0,0,55625,5664,3292,0,0,1452,513,0,7698,5808,2038,0,0,0,0,0,0,0,16,0,2632,0,0,0,3161,0,47145,0,152618,37263,1056,5124,0,96985,134,0,76498,0,96851,0,173483,76498,96985,96851,96596,96985,0,0,0,134,0,173349,0,0,0,173349,51040,0,121532,0,0,0,40,657,80,0,0,0,0,107064,106808,0,255,256,65536,1226752,384,0,127,262016,8,0,0,0,0,0,0,0,0,0,0,0,0,0,3238,0,14952,165,1758,6518,0,155,59,5,0,1231,44323,6343,0,0,2282,519,896,522,901,944,1057
730,72539,62389752,0,0,0,29208,1033,297,69742,67684,0,0,129991,9990,8365972,0,0,0,0,1756,97,4078041,30,118,0,0,0,0,0,0,1,116413,5801,0,704,5149,0,0,0,0,0,302,2826,0,0,0,0,0,0,0,0,0,0,0,0,0,0,0,173550,51157,122393,96915,257270,246664,0,246458,0,0,0,0,0,0,208124,0,26894,199461,246664,62507,116370,0,245210,32485,0,79202,246664,0,246664,29779,0,0,0,0,0,0,206,0,0,804,159507,0,0,1454,0,0,0,0,55747,5671,3296,0,0,1454,513,0,7704,5816,2038,0,0,0,0,0,0,0,16,0,2644,0,0,0,3173,0,47203,0,152751,37351,1056,5130,0,97049,134,0,76635,0,96915,0,173684,76635,97049,96915,96660,97049,0,0,0,134,0,173550,0,0,0,173550,51157,0,121616,0,0,0,40,657,80,0,0,0,0,107148,106892,0,255,256,65536,1226752,384,0,127,262016,8,0,0,0,0,0,0,0,0,0,0,0,0,0,3260,0,1676,147,1670,6781,0,161,66,3,0,1131,30904,6065,0,0,2164,520,845,499,851,979,1117
731,70393,62422622,0,0,0,30028,1010,307,74647,72611,0,0,130102,9990,8365972,0,0,0,0,1810,97,4078041,35,118,0,0,0,0,0,0,1,116435,5801,0,704,5149,0,0,0,0,0,302,2826,0,0,0,0,0,0,0,0,0,0,0,0,0,0,0,173763,51286,122477,96979,257594,246971,0,246765,0,0,0,0,0,0,208385,0,26935,199712,246971,62588,116577,0,245515,32508,0,79272,246971,0,246971,29886,0,0,0,0,0,0,206,0,0,805,159639,0,0,1456,0,0,0,0,55882,5678,3300,0,0,1456,513,0,7708,5824,2038,0,0,0,0,0,0,0,16,0,2656,0,0,0,3185,0,47259,0,152883,37452,1056,5136,0,97113,134,0,76784,0,96979,0,173897,76784,97113,96979,96724,97113,0,0,0,134,0,173763,0,0,0,173763,51286,0,121700,0,0,0,40,657,80,0,0,0,0,107232,106976,0,255,256,65536,1226752,384,0,127,262016,8,0,0,0,0,0,0,0,0,0,0,0,0,0,3166,0,1705,145,1623,6863,0,179,59,5,0,1120,30860,6225,0,0,2169,494,839,549,883,994,1129
732,71552,62456386,0,0,0,29399,1063,307,74647,72611,0,0,130214,9990,8365972,0,0,0,0,1996,97,4078041,31,118,0,0,0,0,0,0,1,116457,5801,0,704,5149,0,0,0,0,0,302,2826,0,0,0,0,0,0,0,0,0,0,0,0,0,0,0,173976,51414,122562,97043,257918,247278,0,247072,0,0,0,0,0,0,208646,0,26976,199963,247278,62669,116784,0,245820,32531,0,79342,247278,0,247278,29993,0,0,0,0,0,0,206,0,0,806,159771,0,0,1458,0,0,0,0,56017,5685,3304,0,0,1458,513,0,7712,5832,2038,0,0,0,0,0,0,0,16,0,2668,0,0,0,3197,0,47315,0,153015,37553,1056,5142,0,97177,134,0,76933,0,97043,0,174110,76933,97177,97043,96788,97177,0,0,0,134,0,173976,0,0,0,173976,51414,0,121785,0,0,0,40,657,80,0,0,0,0,107317,107061,0,255,256,65536,1226752,384,0,127,262016,8,0,0,0,0,0,0,0,0,0,0,0,0,0,3239,0,1752,150,1705,7165,0,148,68,5,0,1159,31730,6248,0,0,2180,514,890,495,867,1017,1133
733,69036,62489932,0,0,0,29404,1015,307,74817,72775,0,0,130335,9990,8365972,0,0,0,0,1926,97,4078041,30,118,0,0,0,0,0,0,1,116479,5801,0,704,5149,0,0,0,0,0,302,2826,0,0,0,0,0,0,0,0,0,0,0,0,0,0,0,174190,51533,122657,97112,258242,247585,0,247379,0,0,0,0,0,0,208908,0,27017,200215,247585,62749,116991,0,246125,32554,0,79412,247585,0,247585,30100,0,0,0,0,0,0,206,0,0,807,159903,0,0,1460,0,0,0,0,56152,5692,3308,0,0,1460,513,0,7716,5840,2038,0,0,0,0,0,0,0,16,0,2680,0,0,0,3209,0,47370,0,153148,37654,1056,5148,0,97246,134,0,77078,0,97112,0,174324,77078,97246,97112,96857,97246,0,0,0,134,0,174190,0,0,0,174190,51533,0,121880,0,0,0,40,657,80,0,0,0,0,107412,107156,0,255,256,65536,1226752,384,0,127,262016,8,0,0,0,0,0,0,0,0,0,0,0,0,0,3111,0,1697,163,1731,6616,0,156,61,3,0,1225,31131,6292,0,0,2173,518,913,494,909,974,1072
734,68405,62523359,0,0,0,30280,1022,304,74613,72571,0,0,130443,9990,8365972,0,0,0,0,1901,97,4078041,31,118,0,0,0,0,0,0,1,116501,5801,0,704,5149,0,0,0,0,0,302,2826,0,0,0,0,0,0,0,0,0,0,0,0,0,0,0,174402,51663,122739,97179,258562,247889,0,247683,0,0,0,0,0,0,209168,0,27057,200465,247889,62828,117196,0,246427,32576,0,79480,247889,0,247889,30207,0,0,0,0,0,0,206,0,0,808,160035,0,0,1462,0,0,0,0,56285,5699,3312,0,0,1462,513,0,7719,5848,2038,0,0,0,0,0,0,0,16,0,2692,0,0,0,3221,0,47424,0,153279,37755,1056,5154,0,97313,134,0,77223,0,97179,0,174536,77223,97313,97179,96924,97313,0,0,0,134,0,174402,0,0,0,174402,51663,0,121962,0,0,0,40,657,80,0,0,0,0,107494,107238,0,255,256,65536,1226752,384,0,127,262016,8,0,0,0,0,0,0,0,0,0,0,0,0,0,3245,0,1764,152,1869,6871,0,159,56,3,0,1120,31881,6136,0,0,2070,471,842,484,856,1018,1458
735,68823,62557208,0,0,0,29841,1018,305,74809,72761,0,0,130563,9990,8365972,0,0,0,0,1696,97,4078041,31,118,0,0,0,0,0,0,1,116522,5801,0,704,5149,0,0,0,0,0,302,2826,0,0,0,0,0,0,0,0,0,0,0,0,0,0,0,174615,51782,122833,97249,258883,248194,0,247988,0,0,0,0,0,0,209429,0,27097,200716,248194,62907,117402,0,246730,32599,0,79550,248194,0,248194,30314,0,0,0,0,0,0,206,0,0,809,160168,0,0,1464,0,0,0,0,56418,5706,3316,0,0,1464,513,0,7722,5856,2038,0,0,0,0,0,0,0,16,0,2704,0,0,0,3233,0,47478,0,153411,37856,1056,5160,0,97383,134,0,77366,0,97249,0,174749,77366,97383,97249,96994,97383,0,0,0,134,0,174615,0,0,0,174615,51782,0,122054,0,0,0,42,657,80,0,0,0,0,107586,107330,0,255,256,65536,1226752,384,0,127,262016,8,0,0,0,0,0,0,0,0,0,0,0,0,0,3209,0,1681,142,1763,6937,0,164,59,7,0,1228,31602,6191,0,0,2170,499,871,487,884,989,1113
736,73583,62590127,0,0,0,30962,1143,304,74784,72732,0,0,130679,9990,8365972,0,0,0,0,1765,97,4078041,29,118,0,0,0,0,0,0,1,116545,5801,0,704,5149,0,0,0,0,0,302,2826,0,0,0,0,0,0,0,0,0,0,0,0,0,0,0,174828,51904,122924,97319,259203,248498,0,248292,0,0,0,0,0,0,209689,0,27137,200966,248498,62985,117607,0,247032,32622,0,79620,248498,0,248498,30421,0,0,0,0,0,0,206,0,0,810,160300,0,0,1466,0,0,0,0,56551,5713,3320,0,0,1466,513,0,7725,5864,2038,0,0,0,0,0,0,0,16,0,2716,0,0,0,3245,0,47532,0,153542,37957,1056,5166,0,97453,134,0,77509,0,97319,0,174962,77509,97453,97319,97064,97453,0,0,0,134,0,174828,0,0,0,174828,51904,0,122145,0,0,0,42,657,80,0,0,0,0,107677,107421,0,255,256,65536,1226752,384,0,127,262016,8,0,0,0,0,0,0,0,0,0,0,0,0,0,3181,0,1678,146,1677,6562,0,148,58,4,0,1170,30809,6173,0,0,2150,511,840,508,871,1007,1087
737,78225,62624434,0,0,0,33042,1033,308,74849,72703,0,0,130788,9990,8365972,0,0,0,0,1856,97,4078041,33,118,0,0,0,0,0,0,1,116569,5801,0,704,5149,0,0,0,0,0,302,2826,0,0,0,0,0,0,0,0,0,0,0,0,0,0,0,175041,52032,123009,97389,259527,248806,0,248600,0,0,0,0,0,0,209949,0,27182,201215,248806,63065,117816,0,247338,32645,0,79691,248806,0,248806,30528,0,0,0,0,0,0,206,0,0,811,160431,0,0,1468,0,0,0,0,56685,5720,3324,0,0,1468,513,0,7732,5872,2038,0,0,0,0,0,0,0,16,0,2728,0,0,0,3257,0,47591,0,153672,38058,1056,5172,0,97523,134,0,77652,0,97389,0,175175,77652,97523,97389,97134,97523,0,0,0,134,0,175041,0,0,0,175041,52032,0,122230,0,0,0,42,657,80,0,0,0,0,107762,107506,0,255,256,65536,1226752,384,0,127,262016,8,0,0,0,0,0,0,0,0,0,0,0,0,0,3400,0,1782,140,1928,7257,0,164,88,3,0,1125,32644,6165,0,0,2167,497,857,505,864,1059,1450
# native_model_census_v1 examples_scope=process_start; rejection reasons overlap; per-row counters are coherent cumulative producer observations
# native_model_example kind=reason index=4 frame=2 view=3 previous_view=3 flags=3566 rejects=332176 transport_rejects=0 program=1047965833 program_kind=4 texconfig=33 texture_mask=63 stream_mask=15 modifier_mask=0 vertices=159 streams=4 primitive=0 list_bytes=1280
# native_model_example kind=reason index=6 frame=2 view=11 previous_view=11 flags=3582 rejects=67483472 transport_rejects=67108864 program=25765218 program_kind=2 texconfig=1 texture_mask=63 stream_mask=13 modifier_mask=132 vertices=4 streams=3 primitive=3 list_bytes=0
# native_model_example kind=reason index=7 frame=2 view=3 previous_view=3 flags=4094 rejects=332160 transport_rejects=0 program=4566101 program_kind=6 texconfig=1 texture_mask=63 stream_mask=15 modifier_mask=0 vertices=261 streams=4 primitive=0 list_bytes=2112
# native_model_example kind=reason index=8 frame=2 view=2 previous_view=2 flags=4094 rejects=333056 transport_rejects=0 program=25765218 program_kind=2 texconfig=1 texture_mask=63 stream_mask=15 modifier_mask=0 vertices=381 streams=4 primitive=1 list_bytes=3072
# native_model_example kind=reason index=9 frame=2 view=3 previous_view=3 flags=3310 rejects=332544 transport_rejects=0 program=25765218 program_kind=2 texconfig=1 texture_mask=63 stream_mask=15 modifier_mask=0 vertices=27 streams=4 primitive=0 list_bytes=224
# native_model_example kind=reason index=10 frame=2 view=2 previous_view=2 flags=4094 rejects=333056 transport_rejects=0 program=25765218 program_kind=2 texconfig=1 texture_mask=63 stream_mask=15 modifier_mask=0 vertices=381 streams=4 primitive=1 list_bytes=3072
# native_model_example kind=reason index=12 frame=2 view=2 previous_view=2 flags=4094 rejects=333056 transport_rejects=0 program=25765218 program_kind=2 texconfig=1 texture_mask=63 stream_mask=15 modifier_mask=0 vertices=381 streams=4 primitive=1 list_bytes=3072
# native_model_example kind=reason index=13 frame=2 view=3 previous_view=3 flags=3424 rejects=373136 transport_rejects=0 program=1047965833 program_kind=4 texconfig=49 texture_mask=63 stream_mask=143 modifier_mask=132 vertices=99 streams=5 primitive=0 list_bytes=1024
# native_model_example kind=reason index=15 frame=2 view=3 previous_view=3 flags=3424 rejects=365968 transport_rejects=0 program=1047965833 program_kind=4 texconfig=49 texture_mask=63 stream_mask=143 modifier_mask=32 vertices=116 streams=5 primitive=1 list_bytes=1184
# native_model_example kind=reason index=16 frame=2 view=2 previous_view=2 flags=4094 rejects=333056 transport_rejects=0 program=25765218 program_kind=2 texconfig=1 texture_mask=63 stream_mask=15 modifier_mask=0 vertices=381 streams=4 primitive=1 list_bytes=3072
# native_model_example kind=reason index=18 frame=2 view=2 previous_view=2 flags=4094 rejects=333056 transport_rejects=0 program=25765218 program_kind=2 texconfig=1 texture_mask=63 stream_mask=15 modifier_mask=0 vertices=381 streams=4 primitive=1 list_bytes=3072
# native_model_example kind=reason index=19 frame=2 view=6 previous_view=6 flags=4094 rejects=67966352 transport_rejects=67108864 program=1047965833 program_kind=4 texconfig=33 texture_mask=63 stream_mask=4111 modifier_mask=0 vertices=797 streams=5 primitive=1 list_bytes=7200
# native_model_example kind=reason index=26 frame=2 view=3 previous_view=3 flags=3424 rejects=67482000 transport_rejects=67108864 program=1047965833 program_kind=4 texconfig=57 texture_mask=63 stream_mask=207 modifier_mask=132 vertices=219 streams=6 primitive=0 list_bytes=2656
# native_model_example kind=view index=2 frame=2 view=2 previous_view=2 flags=4094 rejects=333056 transport_rejects=0 program=25765218 program_kind=2 texconfig=1 texture_mask=63 stream_mask=15 modifier_mask=0 vertices=381 streams=4 primitive=1 list_bytes=3072
# native_model_example kind=view index=3 frame=2 view=3 previous_view=3 flags=4094 rejects=332160 transport_rejects=0 program=4566101 program_kind=6 texconfig=1 texture_mask=63 stream_mask=15 modifier_mask=0 vertices=261 streams=4 primitive=0 list_bytes=2112
# native_model_example kind=view index=6 frame=2 view=6 previous_view=6 flags=4094 rejects=67966352 transport_rejects=67108864 program=1047965833 program_kind=4 texconfig=33 texture_mask=63 stream_mask=4111 modifier_mask=0 vertices=797 streams=5 primitive=1 list_bytes=7200
# native_model_example kind=view index=11 frame=2 view=11 previous_view=11 flags=4094 rejects=67441408 transport_rejects=67108864 program=25765218 program_kind=2 texconfig=1 texture_mask=63 stream_mask=15 modifier_mask=0 vertices=12 streams=4 primitive=0 list_bytes=128
# native_model_example kind=view index=12 frame=2 view=12 previous_view=12 flags=4094 rejects=366400 transport_rejects=0 program=25765218 program_kind=2 texconfig=1 texture_mask=63 stream_mask=13 modifier_mask=1 vertices=4 streams=3 primitive=3 list_bytes=0
# native_model_example kind=view index=13 frame=2 view=13 previous_view=13 flags=4094 rejects=364816 transport_rejects=0 program=25765218 program_kind=2 texconfig=1 texture_mask=63 stream_mask=15 modifier_mask=1 vertices=1254 streams=4 primitive=0 list_bytes=10048
# native_model_example kind=view index=16 frame=2 view=16 previous_view=16 flags=4094 rejects=329040 transport_rejects=0 program=25765218 program_kind=2 texconfig=1 texture_mask=63 stream_mask=13 modifier_mask=0 vertices=768 streams=3 primitive=1 list_bytes=0
# native_model_example kind=view index=17 frame=2 view=17 previous_view=17 flags=4094 rejects=333760 transport_rejects=0 program=356995201 program_kind=0 texconfig=1 texture_mask=63 stream_mask=13 modifier_mask=0 vertices=4 streams=3 primitive=3 list_bytes=0
# native_model_example kind=view index=19 frame=2 view=19 previous_view=19 flags=4094 rejects=333632 transport_rejects=0 program=25765218 program_kind=2 texconfig=1 texture_mask=63 stream_mask=13 modifier_mask=0 vertices=32 streams=3 primitive=3 list_bytes=0
# native_model_example kind=view index=20 frame=2 view=20 previous_view=20 flags=4094 rejects=333632 transport_rejects=0 program=25765218 program_kind=2 texconfig=1 texture_mask=63 stream_mask=13 modifier_mask=0 vertices=4 streams=3 primitive=3 list_bytes=0
# native_model_example kind=view index=21 frame=2 view=21 previous_view=21 flags=4094 rejects=333632 transport_rejects=0 program=25765218 program_kind=2 texconfig=1 texture_mask=63 stream_mask=13 modifier_mask=0 vertices=4 streams=3 primitive=3 list_bytes=0
# native_model_example kind=view index=29 frame=511 view=29 previous_view=29 flags=4094 rejects=333760 transport_rejects=0 program=356995201 program_kind=0 texconfig=1 texture_mask=63 stream_mask=13 modifier_mask=0 vertices=4 streams=3 primitive=3 list_bytes=0
# native_model_example kind=view index=31 frame=2 view=31 previous_view=31 flags=4094 rejects=333760 transport_rejects=0 program=356995201 program_kind=0 texconfig=1 texture_mask=63 stream_mask=13 modifier_mask=0 vertices=4 streams=3 primitive=3 list_bytes=0
